Topic-1,Topic-2,Topic-3,Topic-4,Topic-5,Topic-6,Topic-7,Topic-8,Topic-9
"(442, 0.3605203135919807)","(442, 0.38855708604154104)","(442, 0.3219657954481386)","(69, 0.366848619274236)","(35, 0.5436630527445759)","(384, 0.3888294272607783)","(464, 0.2968002758244981)","(470, 0.5112649431792852)","(470, 0.3776480768220917)"
"(438, 0.3523408927243614)","(438, 0.38553877239595596)","(656, 0.28423986871372775)","(25, 0.32396251342006377)","(120, 0.47996182956970834)","(388, 0.38219439218164747)","(461, 0.2850141216373465)","(640, 0.5112649431792852)","(606, 0.3776480768220917)"
"(656, 0.29840476913456326)","(384, 0.3664946831412696)","(438, 0.27206596317846654)","(164, 0.297012848111679)","(112, 0.4768240402105706)","(383, 0.3476567862907344)","(195, 0.27516428170761115)","(89, 0.5112649431792852)","(640, 0.3776480768220917)"
"(161, 0.29514092003152476)","(445, 0.29748026317549214)","(186, 0.25985912180376153)","(88, 0.2956369146930248)","(324, 0.4516993018050824)","(188, 0.33251169155998644)","(13, 0.26535302296179936)","(606, 0.5112649431792851)","(671, 0.3776480768220917)"
"(384, 0.2930807054321686)","(402, 0.2883477793841279)","(668, 0.2546875716963048)","(442, 0.29249210430212286)","(325, 0.3844278312762693)","(139, 0.3220630726482385)","(558, 0.2514746103047697)","(671, 0.5112649431792851)","(89, 0.37764807682209167)"
"(52, 0.2780214492909889)","(447, 0.2818001137862002)","(185, 0.24246033678600884)","(620, 0.2864332841420923)","(502, 0.38442783127626917)","(650, 0.3220630726482385)","(588, 0.24637409667597163)","(440, 0.49599985021261267)","(32, 0.3721565923937263)"
"(516, 0.2752271929525582)","(52, 0.2786881946562781)","(511, 0.2403870289165902)","(35, 0.28469300540049924)","(505, 0.37108588185174285)","(441, 0.31244707450344983)","(104, 0.2446837224119649)","(538, 0.4959998502126126)","(642, 0.3688809353107256)"
"(186, 0.257977839703504)","(672, 0.27862061274953104)","(445, 0.24010517341060775)","(47, 0.2711145122353592)","(134, 0.3409240142169849)","(672, 0.31160358123525994)","(226, 0.23890341145539215)","(677, 0.4943880878875903)","(440, 0.3663724494232604)"
"(445, 0.2570468839089059)","(516, 0.27588723718932723)","(52, 0.23747870568212978)","(438, 0.2664910619913785)","(669, 0.31941582248816064)","(668, 0.309679204901198)","(124, 0.23147209382338582)","(522, 0.49038544952047036)","(538, 0.3663724494232603)"
"(447, 0.2546617005468454)","(444, 0.2502388489433118)","(516, 0.23509192444533367)","(386, 0.26405454471058154)","(327, 0.3098631646777228)","(386, 0.30333634534369225)","(237, 0.22665994003018416)","(517, 0.4850285124729327)","(641, 0.35988471089637447)"
"(668, 0.24934917703464388)","(511, 0.22022095240766126)","(447, 0.23121160920523615)","(388, 0.2640545447105815)","(399, 0.27663994470377684)","(445, 0.29982343859788624)","(329, 0.22468411842861208)","(510, 0.47469758260874284)","(517, 0.3582684230220157)"
"(185, 0.23890206606698733)","(439, 0.2194817175329462)","(161, 0.20459241289877464)","(445, 0.26391826164045035)","(539, 0.24730672324654518)","(67, 0.29728899013683563)","(126, 0.2232505577051308)","(87, 0.4746975826087427)","(633, 0.3534602718546652)"
"(672, 0.22982913423854973)","(277, 0.2185268121012565)","(444, 0.2036586385213706)","(11, 0.25641073313781887)","(312, 0.2413165074434862)","(166, 0.29489741300405276)","(465, 0.22078706085880176)","(551, 0.4699266315457047)","(452, 0.3533271639938835)"
"(532, 0.22660427840413702)","(471, 0.21852681210125646)","(532, 0.18711304550776245)","(120, 0.2513354090330645)","(94, 0.23917985468608158)","(475, 0.2876521092020378)","(609, 0.2183099438271996)","(642, 0.4647863119811683)","(510, 0.35063743668695796)"
"(444, 0.22122156959709832)","(94, 0.20483622777440472)","(672, 0.17770917859113244)","(112, 0.24969228342712715)","(169, 0.2313983620905289)","(656, 0.28183912059352095)","(49, 0.20720589912228932)","(536, 0.46420780312572213)","(87, 0.35063743668695785)"
"(511, 0.21969408653327976)","(154, 0.2041591024493053)","(531, 0.16524177608277726)","(14, 0.24931792731512414)","(672, 0.22473680709766353)","(439, 0.2761668064291093)","(663, 0.20637670012717793)","(601, 0.46245654136038056)","(7, 0.3486956722800965)"
"(649, 0.21560662096760594)","(325, 0.19269287042918185)","(541, 0.16477918755620874)","(384, 0.24311632925309895)","(469, 0.22394110692525984)","(275, 0.2738129021215636)","(332, 0.20557123316727233)","(167, 0.45728926698457967)","(623, 0.34782379720431883)"
"(452, 0.18880429673643204)","(69, 0.19222772044245315)","(452, 0.1612717296832172)","(383, 0.23922527545536426)","(439, 0.22077125427969824)","(438, 0.26922494187052737)","(294, 0.20458829665069386)","(472, 0.45225598525639954)","(551, 0.34711335290690337)"
"(402, 0.18413500970183524)","(452, 0.1892570833473814)","(428, 0.15986851623669704)","(275, 0.23835436246082528)","(438, 0.21841993910241636)","(442, 0.269061861808788)","(486, 0.1901865062082597)","(578, 0.45225598525639943)","(536, 0.34288911538916567)"
"(439, 0.17208188384374873)","(502, 0.18574349535613943)","(486, 0.15845979796788864)","(657, 0.238099188370136)","(240, 0.2144295350484565)","(161, 0.26898071310919347)","(71, 0.18857818194194115)","(676, 0.4485424483203482)","(601, 0.3415955382595063)"
"(531, 0.16747414009224104)","(475, 0.182747130592772)","(69, 0.15652614942612064)","(672, 0.2367513125020799)","(475, 0.2121418987164431)","(185, 0.25977904879369157)","(84, 0.18763292194463804)","(641, 0.4479430646664065)","(167, 0.33777870853850395)"
"(389, 0.16207326068979175)","(187, 0.18012243787219695)","(55, 0.15167134857918263)","(185, 0.23621944880382884)","(81, 0.2002802480256109)","(217, 0.2414157696642756)","(501, 0.18763292194463801)","(58, 0.44626862900883246)","(58, 0.3296382663031873)"
"(237, 0.16019735558878)","(35, 0.17422986595041018)","(6, 0.15124474334685442)","(161, 0.2335283130261459)","(140, 0.19415427018324302)","(146, 0.239394660588803)","(105, 0.18763292194463796)","(521, 0.44390228072406546)","(521, 0.32789035283727197)"
"(178, 0.15308087247727278)","(139, 0.173436755053611)","(589, 0.1503689702443346)","(402, 0.2328543011757062)","(184, 0.18878046755760233)","(186, 0.23399653666359)","(146, 0.18690857476812273)","(544, 0.43840607194106285)","(544, 0.32383055428389107)"
"(537, 0.14785254479457607)","(650, 0.173436755053611)","(481, 0.14842319015078892)","(475, 0.2303346440716933)","(657, 0.18628614820979883)","(447, 0.2287972053572838)","(62, 0.17824932271743238)","(637, 0.4384060719410627)","(637, 0.32383055428389096)"
"(502, 0.14629606762826233)","(537, 0.1717670151466492)","(313, 0.14209650822701037)","(183, 0.22944285091483782)","(398, 0.18353968969781137)","(578, 0.22773298263934522)","(481, 0.1760592458107921)","(221, 0.4371137392624333)","(322, 0.3211187256777324)"
"(69, 0.1389302773879396)","(112, 0.17004897898950935)","(25, 0.135699349161185)","(668, 0.228020099470934)","(537, 0.17756972676535332)","(472, 0.22773298263934516)","(80, 0.1747361883321856)","(443, 0.4342450089279685)","(522, 0.318607138330895)"
"(240, 0.13815148891636714)","(441, 0.16825836716480372)","(648, 0.1349975392048665)","(447, 0.22647385421535063)","(20, 0.1770713405210416)","(444, 0.22750127202364484)","(161, 0.1741417828163019)","(535, 0.4308218476012076)","(645, 0.31580771462853086)"
"(190, 0.13431144207857448)","(25, 0.1651009547274239)","(139, 0.12995303045549045)","(647, 0.22484954755290598)","(486, 0.17576585563796887)","(94, 0.22333790169800327)","(421, 0.16972036374774713)","(75, 0.42671313613580786)","(75, 0.3151935163289726)"
"(679, 0.13431144207857448)","(67, 0.16009546620333326)","(650, 0.12995303045549045)","(461, 0.22076332474880306)","(6, 0.17350680988172826)","(389, 0.2164800618295362)","(55, 0.1686285117768446)","(523, 0.4253981464569451)","(523, 0.314222193475942)"
"(79, 0.13431144207857448)","(120, 0.15381528100003525)","(184, 0.1280240327922948)","(203, 0.21908505191810276)","(481, 0.17287212821547818)","(332, 0.21519856740700186)","(6, 0.16467076927548005)","(575, 0.4253981464569451)","(575, 0.314222193475942)"
"(217, 0.13322183922597178)","(240, 0.15327885995395246)","(441, 0.126072957867552)","(41, 0.21908505191810274)","(589, 0.1725021296936046)","(104, 0.21105451424059501)","(589, 0.1637172536205791)","(477, 0.4245824253871886)","(477, 0.31361965755532684)"
"(146, 0.13210212360743429)","(188, 0.15095731888147565)","(568, 0.1250063057872701)","(466, 0.21908505191810274)","(25, 0.17219968254398066)","(329, 0.20742020055401708)","(592, 0.16232616295072888)","(44, 0.41744607805409434)","(44, 0.308348363519169)"
"(475, 0.13209633512290037)","(47, 0.1484299023609647)","(168, 0.12121873055284242)","(139, 0.2166249438766485)","(445, 0.17115317244285091)","(532, 0.20589852515274742)","(130, 0.15921181377707952)","(310, 0.4132505336004905)","(31, 0.3080793489176252)"
"(142, 0.13183791419177357)","(610, 0.14741850717471044)","(547, 0.12117522267103491)","(650, 0.2166249438766485)","(46, 0.1705626918061817)","(35, 0.20362894668206566)","(157, 0.15857116438678895)","(31, 0.4112756472075317)","(310, 0.3052493063370507)"
"(94, 0.13099897121331505)","(669, 0.14474564318057784)","(389, 0.12115955607332395)","(656, 0.2154955943072907)","(139, 0.1686778622042287)","(183, 0.19878164403483115)","(313, 0.15459941677615996)","(159, 0.40901195454342865)","(159, 0.30211846145767385)"
"(204, 0.12914366800072272)","(190, 0.13753452048819273)","(67, 0.11995664349737584)","(115, 0.21397885128003186)","(650, 0.1686778622042287)","(117, 0.1849385128388203)","(308, 0.15441012181336133)","(573, 0.4090119545434281)","(573, 0.3021184614576734)"
"(174, 0.12864702962881686)","(679, 0.13753452048819273)","(649, 0.11902608481108948)","(107, 0.21349615315237636)","(675, 0.16721665179771258)","(144, 0.1849385128388203)","(595, 0.1532016392372758)","(27, 0.4029332220648367)","(27, 0.29762837923967356)"
"(277, 0.1284009946347701)","(79, 0.13753452048819273)","(160, 0.11795440010034623)","(444, 0.21147698688379107)","(442, 0.16621871551008122)","(43, 0.1849385128388203)","(217, 0.14767193648464635)","(306, 0.399230847490367)","(306, 0.2948936041365169)"
"(471, 0.12840099463477003)","(161, 0.1371059881824425)","(466, 0.11781146497601032)","(441, 0.210157064646334)","(441, 0.1636415629579802)","(580, 0.18403604151327918)","(134, 0.1473232035372287)","(32, 0.39923084749036675)","(535, 0.2925249424518442)"
"(35, 0.12656330240787506)","(204, 0.13224273507669473)","(203, 0.1178114649760103)","(462, 0.20443364321985988)","(485, 0.16129721852551562)","(187, 0.1817828720255643)","(384, 0.1463677905301497)","(7, 0.3976505113616662)","(323, 0.29136181680195095)"
"(66, 0.1203727926711132)","(174, 0.13173417884887795)","(41, 0.1178114649760103)","(324, 0.2013083546750714)","(313, 0.16053431581553343)","(120, 0.17976965936803205)","(295, 0.14505531509187516)","(323, 0.39444946725371133)","(677, 0.2901658318223464)"
"(139, 0.12009337208630627)","(165, 0.1311160872607538)","(47, 0.11671665481674431)","(325, 0.2013083546750714)","(69, 0.1603726598745415)","(112, 0.1785944006505491)","(509, 0.14306876171943267)","(633, 0.39276460886247005)","(294, 0.28953273030351795)"
"(650, 0.12009337208630627)","(668, 0.13108816437812917)","(245, 0.11522149686280005)","(502, 0.20130835467507138)","(135, 0.15803839956348437)","(272, 0.17742362912945966)","(184, 0.1387606896026479)","(237, 0.38818128366679044)","(457, 0.28842600043720196)"
"(25, 0.1190597462091763)","(203, 0.12919647337402662)","(308, 0.11416683497572128)","(67, 0.1999614866553679)","(464, 0.15684366550008202)","(522, 0.1715522749602595)","(619, 0.13796949413854434)","(330, 0.386479969633702)","(676, 0.2879539590211333)"
"(234, 0.11762466091393371)","(466, 0.12919647337402662)","(188, 0.11310959463015595)","(391, 0.19621692211118874)","(67, 0.15570264203467268)","(461, 0.16677065749678438)","(583, 0.13703477208584236)","(229, 0.37988615445468726)","(237, 0.28673179569772983)"
"(50, 0.11700093601411032)","(41, 0.1291964733740266)","(402, 0.11176576914160406)","(406, 0.19595562757717935)","(195, 0.15568846745277423)","(524, 0.16541403454612794)","(639, 0.13656399574881598)","(572, 0.37520956056406773)","(330, 0.2854751126780201)"
"(441, 0.11650768424669278)","(166, 0.12882558752804324)","(157, 0.11165235497049786)","(505, 0.19486964992232494)","(647, 0.15542662397797272)","(133, 0.16057159548700198)","(24, 0.13638125585795471)","(652, 0.37465162285847087)","(652, 0.27673805282041825)"
"(187, 0.11610040283534205)","(532, 0.1257605105578976)","(439, 0.1114338042904897)","(518, 0.19235827937357572)","(197, 0.1500423227834024)","(307, 0.1605715954870019)","(669, 0.13591309035004998)","(327, 0.37199988765945974)","(327, 0.2747793370674454)"
"(90, 0.11517111142462762)","(657, 0.12447397349241812)","(550, 0.11013492542260124)","(188, 0.18854781225790782)","(326, 0.14802170532343298)","(443, 0.15622353725172505)","(86, 0.1313693218535293)","(582, 0.37199988765945957)","(582, 0.27477933706744534)"
"(120, 0.1117338282846444)","(66, 0.1232613846120496)","(485, 0.10827675888239002)","(670, 0.18838766917126193)","(679, 0.1479724174828121)","(391, 0.15219478559419347)","(601, 0.13108097757914305)","(452, 0.3719998876594595)","(443, 0.27477933706744523)"
"(112, 0.11100335932680745)","(324, 0.12319911969875819)","(580, 0.10717930222108026)","(169, 0.18798576461126731)","(79, 0.1479724174828121)","(150, 0.15049065801214456)","(579, 0.12969894752009767)","(222, 0.36518924512806067)","(456, 0.2745740164664652)"
"(67, 0.11085542038735965)","(673, 0.12293093616152927)","(14, 0.10558948677096408)","(509, 0.18720153061040173)","(190, 0.14797241748281206)","(163, 0.15049065801214448)","(293, 0.12709015955405792)","(102, 0.36151890830502764)","(222, 0.269748626301494)"
"(250, 0.10966483323662837)","(578, 0.12263830560539858)","(406, 0.10537377768607785)","(421, 0.18620417681179424)","(212, 0.1469946613097734)","(253, 0.1479508102710562)","(654, 0.12648362977897606)","(305, 0.36151890830502753)","(102, 0.2670375160229595)"
"(47, 0.10814660380640509)","(472, 0.12263830560539855)","(496, 0.10305723978179986)","(439, 0.1857543569071027)","(188, 0.14681523432065163)","(676, 0.1473424744073465)","(569, 0.12593097172064419)","(543, 0.36151890830502753)","(305, 0.26703751602295933)"
"(188, 0.10452786354299812)","(234, 0.12044730579930826)","(657, 0.10201121389186339)","(84, 0.18354589537943064)","(496, 0.14423466632797732)","(324, 0.14398740904476257)","(581, 0.12395261515652915)","(418, 0.3615189083050274)","(418, 0.26703751602295933)"
"(154, 0.10437804169771707)","(90, 0.1179348783598921)","(31, 0.09918907374798767)","(294, 0.1832317081433881)","(302, 0.14248147291244614)","(325, 0.14398740904476254)","(245, 0.12378803610975535)","(322, 0.3519335956346172)","(543, 0.26703751602295933)"
"(669, 0.10226836703725355)","(107, 0.11688497567160418)","(638, 0.09906493122766709)","(186, 0.18254408493524177)","(204, 0.14227902300002943)","(502, 0.14398740904476254)","(219, 0.12203015475459852)","(646, 0.3507859115802174)","(221, 0.2670375160229593)"
"(548, 0.10197684917136171)","(14, 0.11579339344400685)","(164, 0.09802506410966191)","(415, 0.1822897819334791)","(174, 0.14173187095275525)","(293, 0.14381021994452953)","(597, 0.12139786990532765)","(559, 0.35040294389387394)","(472, 0.2670375160229593)"
"(181, 0.10041322569233128)","(406, 0.11555683876702601)","(415, 0.09802506410966191)","(420, 0.18228978193347906)","(26, 0.13779155917216596)","(218, 0.14316806627604772)","(603, 0.12106367205406682)","(55, 0.34958428588989227)","(578, 0.2670375160229592)"
"(660, 0.09449165481767527)","(383, 0.11405130756936381)","(420, 0.09802506410966189)","(675, 0.18107703237669562)","(447, 0.13629711611255746)","(492, 0.1386400098592213)","(550, 0.12014662393526424)","(103, 0.348612093383986)","(576, 0.2623047077118211)"
"(203, 0.09072707436934002)","(68, 0.11326898344171867)","(166, 0.0965266877502601)","(202, 0.17827683978682565)","(151, 0.13613619983314473)","(169, 0.13849295743111054)","(485, 0.11955020422092176)","(673, 0.3451308010431867)","(646, 0.2591095412503159)"
"(41, 0.09072707436934002)","(250, 0.11229646573814364)","(20, 0.09637716576198882)","(507, 0.17827683978682554)","(556, 0.13602717394246383)","(13, 0.1384418328727443)","(399, 0.11776644983186609)","(294, 0.3421462241815414)","(559, 0.2588266605009862)"
"(466, 0.09072707436934002)","(320, 0.1119641802603696)","(202, 0.09586713234287964)","(134, 0.17827401428536954)","(299, 0.13516193194213796)","(226, 0.1330999510544962)","(53, 0.11547933557977658)","(47, 0.33502069116323774)","(55, 0.2582219552011153)"
"(657, 0.08982447334183274)","(386, 0.1109305212594673)","(507, 0.09586713234287958)","(636, 0.17704745813473963)","(291, 0.13338107199347596)","(468, 0.13148169883018243)","(137, 0.11201647917447179)","(279, 0.3334016553054625)","(673, 0.25493236922431006)"
"(324, 0.08949376938197215)","(388, 0.11093052125946702)","(636, 0.0952060408983523)","(528, 0.17526804153448222)","(317, 0.13337974342884767)","(387, 0.13148169883018238)","(231, 0.11150871857304138)","(101, 0.3327268145715351)","(506, 0.25066460250682443)"
"(325, 0.08949376938197215)","(655, 0.10848544021278998)","(528, 0.09424917198080826)","(424, 0.1752680415344821)","(66, 0.13261605158167913)","(294, 0.13109989110076264)","(496, 0.11071938541704461)","(548, 0.3327268145715351)","(47, 0.24746449253227593)"
"(166, 0.08920311736955668)","(164, 0.1074979636982702)","(424, 0.0942491719808082)","(295, 0.17360355766537253)","(444, 0.13241379546436718)","(194, 0.13077127653088522)","(475, 0.10962319428029513)","(651, 0.3306329529663127)","(279, 0.2462685846450801)"
"(19, 0.08861011481190952)","(415, 0.10749796369827018)","(222, 0.09401264861217369)","(547, 0.17107668365805337)","(298, 0.13239790351544597)","(495, 0.13077127653088522)","(16, 0.10860400595855646)","(70, 0.32730384071872504)","(548, 0.24577011059805454)"
"(107, 0.08516284760558214)","(420, 0.10749796369827017)","(583, 0.09342134019058719)","(623, 0.17057619700416526)","(498, 0.13239790351544597)","(617, 0.1307712765308852)","(473, 0.10860400595855646)","(537, 0.3269222857131786)","(101, 0.24577011059805443)"
"(472, 0.0849188377777864)","(183, 0.10704748924530781)","(116, 0.09321332856598392)","(52, 0.16880197468146618)","(550, 0.13159026319109246)","(579, 0.1307223580852524)","(110, 0.10592525533092313)","(645, 0.3220666413614184)","(651, 0.24422347060465566)"
"(578, 0.0849188377777864)","(11, 0.10703175263456928)","(563, 0.09218783996570305)","(446, 0.16819608908692196)","(234, 0.1295884040977571)","(446, 0.13046055070551055)","(563, 0.09991911649411345)","(531, 0.3193846779922935)","(674, 0.24262183346351784)"
"(158, 0.08390369269637836)","(670, 0.1065565355247851)","(107, 0.09191155651069118)","(516, 0.1671054293649226)","(668, 0.12749126516316808)","(537, 0.12998584015279696)","(28, 0.09984925047553464)","(560, 0.31938467799229325)","(70, 0.24176440734479615)"
"(64, 0.08169207878221733)","(202, 0.10513149474631527)","(472, 0.09189066907081926)","(669, 0.16446677528642423)","(90, 0.12688530119209443)","(237, 0.12983348314762386)","(390, 0.09823601958928752)","(444, 0.3191328589656642)","(531, 0.23591488330921348)"
"(14, 0.08131488069383079)","(507, 0.10513149474631521)","(578, 0.09189066907081926)","(497, 0.16329635631431613)","(532, 0.12680392232470944)","(31, 0.12947422676402182)","(324, 0.09689821660025215)","(576, 0.3166578987483646)","(560, 0.23591488330921326)"
"(406, 0.08114876227580926)","(656, 0.104878575568272)","(462, 0.0908784935847909)","(290, 0.16197052911476081)","(166, 0.12529077065998562)","(611, 0.12882522905929542)","(30, 0.09689821660025214)","(638, 0.3099999063828827)","(622, 0.2339932203259181)"
"(678, 0.07902192277585826)","(548, 0.10442399273380538)","(654, 0.09050929202897215)","(166, 0.1609049688430365)","(328, 0.1251416725676613)","(588, 0.1285400148657757)","(604, 0.09689821660025208)","(528, 0.306758965907571)","(229, 0.23006611594283832)"
"(383, 0.07897291501229683)","(636, 0.10440651706075586)","(497, 0.08781148140506488)","(162, 0.15904538144359398)","(13, 0.12507847540900302)","(273, 0.12768039408014703)","(299, 0.09501162330713586)","(532, 0.30338253787933567)","(638, 0.22898278088953763)"
"(3, 0.07806693998955792)","(504, 0.10424062609563543)","(162, 0.08552554919421193)","(539, 0.15791653834696814)","(141, 0.12472717606121389)","(134, 0.1265849843336218)","(291, 0.09400507811219251)","(479, 0.29517895257177923)","(528, 0.22658884609325497)"
"(11, 0.07798375100137529)","(528, 0.10335717869922129)","(383, 0.08545658641657954)","(428, 0.15491652586789725)","(104, 0.12450355347336935)","(518, 0.12426652207268733)","(273, 0.09238406447589692)","(623, 0.29132023824157693)","(110, 0.22462125823375406)"
"(634, 0.07754474723931185)","(424, 0.10335717869922124)","(115, 0.08498161646764331)","(541, 0.15491652586789725)","(580, 0.12355828319321426)","(654, 0.12204188210429404)","(40, 0.09158293915934311)","(554, 0.2911627252599393)","(52, 0.2235640887636117)"
"(165, 0.07704059678086199)","(185, 0.10204123827606616)","(581, 0.08450278167936184)","(532, 0.15430817358863474)","(136, 0.12350214338387225)","(28, 0.12168425585438843)","(547, 0.09077569619576799)","(78, 0.2900787068576861)","(479, 0.2180352188121793)"
"(386, 0.07681197887508416)","(547, 0.10088549634781432)","(11, 0.08416355416242284)","(472, 0.15317696678933346)","(250, 0.12081897294632614)","(219, 0.12036592421173846)","(312, 0.09011351102613172)","(550, 0.2892151266440218)","(103, 0.2171434554890381)"
"(388, 0.07681197887508397)","(275, 0.10013375721757754)","(317, 0.08383595327772327)","(578, 0.15317696678933346)","(578, 0.11927326020066017)","(669, 0.1167810365211587)","(317, 0.090069026129699)","(303, 0.28359876430463027)","(554, 0.21506861501774538)"
"(415, 0.07548948893342079)","(462, 0.09966076628526702)","(290, 0.0833665626279318)","(97, 0.15011460406626237)","(472, 0.11927326020066016)","(126, 0.11647584057487874)","(322, 0.08892702772200098)","(518, 0.2782973853693962)","(550, 0.21363001281836738)"
"(164, 0.07548948893342078)","(675, 0.0991361399796761)","(384, 0.0831411658667768)","(226, 0.14960692854207605)","(597, 0.11779433904118337)","(460, 0.11631894314405095)","(160, 0.088919901888382)","(218, 0.2773216657029423)","(664, 0.21201789083997635)"
"(420, 0.07548948893342078)","(580, 0.099106717173492)","(386, 0.08311823755707914)","(31, 0.14944506497554683)","(55, 0.11687590922269608)","(212, 0.11565918066573061)","(541, 0.08753135976297322)","(643, 0.2755992574724769)","(303, 0.2094814623172948)"
"(670, 0.07511873018216436)","(620, 0.09852505205484285)","(388, 0.08311823755707895)","(168, 0.14930850846085442)","(124, 0.11668484608021999)","(464, 0.11519056779043751)","(540, 0.0875313597629732)","(209, 0.2752004035323568)","(115, 0.20829061453168055)"
"(183, 0.07412323848464415)","(622, 0.09735026200535318)","(603, 0.08253328932163151)","(154, 0.1476023178798306)","(588, 0.11613244894872439)","(465, 0.11519056779043749)","(287, 0.08561071405044371)","(552, 0.2732826073207617)","(518, 0.20556557567944606)"
"(469, 0.07411646599319732)","(649, 0.09725159208444123)","(295, 0.08220902867188619)","(416, 0.1462437882754594)","(31, 0.11561880440172725)","(33, 0.11266596587784643)","(560, 0.08560494346477505)","(125, 0.2674961521582153)","(40, 0.20477937290289697)"
"(202, 0.07382765715899473)","(660, 0.09675917579592355)","(195, 0.08147390177015043)","(433, 0.1427687815408278)","(331, 0.11506998063633532)","(433, 0.11073797235407515)","(508, 0.08553102379046874)","(95, 0.2650039148302101)","(643, 0.2035725917581246)"
"(507, 0.07382765715899468)","(497, 0.09629736563918835)","(540, 0.0814739017701504)","(399, 0.14250774661140178)","(639, 0.11498282354966288)","(137, 0.10933269582088516)","(599, 0.08519599163646568)","(199, 0.26475252935268806)","(209, 0.2032779765582586)"
"(636, 0.07331854802717314)","(162, 0.09379052659704223)","(475, 0.08118101454023414)","(622, 0.14142358372012473)","(519, 0.11473102594314177)","(49, 0.1081049092124508)","(428, 0.0845347600968504)","(530, 0.2622733819409965)","(537, 0.20322686958660058)"
"(528, 0.07258165949547203)","(115, 0.09319402955798332)","(97, 0.08072308568980381)","(327, 0.13809639201656437)","(83, 0.11473102594314177)","(328, 0.10761837892018496)","(622, 0.08323876897999759)","(457, 0.26184307257498035)","(572, 0.20244061845917558)"
"(424, 0.072581659495472)","(389, 0.09275222736096042)","(217, 0.0806880544434094)","(628, 0.13416164686762813)","(149, 0.11473102594314176)","(295, 0.10620861900413621)","(648, 0.0825253574065035)","(499, 0.26184307257498)","(552, 0.20186138803462178)"
"(673, 0.07223120276522361)","(428, 0.09135570242816142)","(183, 0.08020875174803174)","(511, 0.13338825377406055)","(247, 0.11473102594314176)","(16, 0.10600198145758624)","(29, 0.08222086325150543)","(169, 0.2611305730976201)","(125, 0.19758719772897704)"
"(675, 0.07223097693081756)","(541, 0.09135570242816142)","(154, 0.07937212124256637)","(273, 0.13182219761289804)","(8, 0.11473102594314176)","(473, 0.10600198145758624)","(511, 0.07734688187720516)","(60, 0.26069499218870823)","(199, 0.19556060879528353)"
"(622, 0.07202814162144555)","(19, 0.09073649617975292)","(53, 0.07872625414681786)","(132, 0.13145103115086174)","(176, 0.11464841293899303)","(124, 0.10302957597848639)","(660, 0.07718150623151081)","(456, 0.2569632066179158)","(74, 0.19489133277397333)"
"(579, 0.07114354821344683)","(680, 0.08966417243162356)","(178, 0.07800148504308926)","(417, 0.13145103115086165)","(428, 0.11405435700592054)","(240, 0.10159564458046914)","(523, 0.07601321496569634)","(506, 0.2556324715896428)","(530, 0.19372937576302865)"
"(221, 0.0710028728078627)","(600, 0.0892131974608558)","(675, 0.07795490292605146)","(573, 0.13145103115086162)","(297, 0.11353026564366694)","(399, 0.10118884092298401)","(568, 0.07600609680759116)","(489, 0.2493506154740549)","(499, 0.1934115258758369)"
"(547, 0.07084594254703583)","(97, 0.0885239649054162)","(509, 0.07622362190113773)","(522, 0.12978455049438428)","(511, 0.11235175857986202)","(558, 0.10013444347848378)","(576, 0.07597591295316922)","(574, 0.24881437697064657)","(169, 0.19288523503397226)"
"(462, 0.06998588675321077)","(168, 0.0880486029009836)","(275, 0.07502841711548511)","(38, 0.12889834094618008)","(548, 0.11234903494177903)","(327, 0.09877454771804982)","(607, 0.07548312921211024)","(36, 0.24829220561446502)","(60, 0.19256349129866332)"
"(275, 0.06933594070191886)","(127, 0.08790341418245146)","(187, 0.07334971659550142)","(36, 0.12767652814911612)","(329, 0.112347480135729)","(71, 0.09838632647350921)","(65, 0.07448035159946775)","(302, 0.2479999251063064)","(444, 0.1919387755075274)"
"(580, 0.06862478404931786)","(158, 0.08591713381674645)","(628, 0.07214449376024921)","(94, 0.12524822372622527)","(295, 0.11176843543591457)","(84, 0.09789315882421222)","(191, 0.07443927194734931)","(53, 0.24619626534994238)","(489, 0.18418391803398168)"
"(497, 0.06762396856317437)","(327, 0.08451389887655845)","(132, 0.07068687898560624)","(222, 0.1251914582389159)","(383, 0.11092187890883116)","(501, 0.0978931588242122)","(555, 0.07351409469659315)","(400, 0.24567270380178818)","(574, 0.18378782312813732)"
"(162, 0.0658635631413459)","(443, 0.08412918358240194)","(417, 0.07068687898560619)","(580, 0.12378568221522772)","(303, 0.11016171458974024)","(105, 0.09789315882421218)","(487, 0.07173012253255309)","(321, 0.2366696803522268)","(36, 0.18340211898185402)"
"(115, 0.06544467840083819)","(461, 0.08403830749775613)","(573, 0.07068687898560617)","(187, 0.12227016319031325)","(308, 0.10984289348006025)","(195, 0.09789315882421215)","(252, 0.07146905597042237)","(674, 0.2330561905932616)","(302, 0.18318622471163026)"
"(428, 0.06415372952377653)","(64, 0.08365244769260222)","(579, 0.07019523287085261)","(155, 0.11472306617819993)","(429, 0.10976017579460944)","(52, 0.09680809861880633)","(605, 0.07050380858414439)","(401, 0.23305619059326152)","(53, 0.1818539435777106)"
"(541, 0.06415372952377653)","(509, 0.08358968407215292)","(38, 0.06931418755818801)","(452, 0.11463337882286265)","(332, 0.10794884511127449)","(663, 0.09636232658638408)","(31, 0.0688625639758495)","(115, 0.23049603726736567)","(475, 0.1793910584129944)"
"(97, 0.062165167033554514)","(546, 0.08259537137423785)","(36, 0.06865716621287801)","(322, 0.11411896757470777)","(386, 0.10788672316582361)","(390, 0.09588239987155207)","(571, 0.06866524792041707)","(462, 0.2300574871031993)","(532, 0.17913421151100797)"
"(168, 0.06183134829375302)","(529, 0.08177307485704222)","(88, 0.06847652310205682)","(73, 0.11359030793828996)","(388, 0.10788672316582333)","(516, 0.09583512820998767)","(94, 0.06757026481994302)","(596, 0.23005748710319912)","(187, 0.1763880790204568)"
"(327, 0.0613922193123128)","(678, 0.08091821581868322)","(84, 0.06664422862884663)","(479, 0.11328589280045462)","(148, 0.1069583143341651)","(480, 0.09515007987065216)","(150, 0.06756079668865515)","(301, 0.22722886363523812)","(321, 0.17481709008117055)"
"(86, 0.059654345220974424)","(186, 0.08051057007012027)","(252, 0.06652316223016923)","(520, 0.10884156519778691)","(480, 0.10695831433416508)","(297, 0.0951500798706521)","(460, 0.0667964435147233)","(331, 0.2258390716154327)","(647, 0.17382728593299424)"
"(212, 0.05925786395550218)","(3, 0.07994031626257946)","(237, 0.06634414370943612)","(116, 0.10869662506849931)","(491, 0.10545445228451161)","(648, 0.09292365179615453)","(302, 0.06647162819910245)","(120, 0.2256799099041133)","(401, 0.17214797013407687)"
"(509, 0.05870011220328322)","(522, 0.07981195134325017)","(30, 0.06605886315629955)","(217, 0.10810296146152128)","(126, 0.10523279169873025)","(80, 0.09116458486846543)","(327, 0.0664716281991024)","(233, 0.22486071007487135)","(462, 0.16993296474188319)"
"(443, 0.05825384212334645)","(492, 0.07971479911619016)","(324, 0.06605886315629955)","(574, 0.10662086541198462)","(649, 0.10463229983066326)","(317, 0.08970835560930636)","(240, 0.06581391347878396)","(168, 0.2239918922663825)","(596, 0.16993296474188307)"
"(628, 0.055558759515106235)","(294, 0.07949757919308766)","(604, 0.06605886315629952)","(160, 0.10662086541198454)","(183, 0.10411023681022648)","(40, 0.08938871943917541)","(544, 0.06368841915117852)","(580, 0.21940232938535092)","(78, 0.16956899224365624)"
"(522, 0.055264447069690234)","(634, 0.0794055924267242)","(607, 0.06513183913097224)","(291, 0.10640798579120911)","(660, 0.10410251262988461)","(421, 0.08854769382615835)","(612, 0.061976307578264646)","(635, 0.21911354707683628)","(301, 0.16784358969870766)"
"(676, 0.0549422026487497)","(676, 0.07934657156640545)","(487, 0.06496605532943406)","(142, 0.10639710679093023)","(465, 0.10407158227938973)","(479, 0.08786970043206495)","(168, 0.0600367349948275)","(187, 0.21671616731601004)","(331, 0.16681701377077793)"
"(132, 0.05443624462160406)","(628, 0.07911635908335951)","(291, 0.0640865106592108)","(638, 0.10627186000614901)","(301, 0.1029761471786801)","(490, 0.08660539356992902)","(642, 0.059880035316094316)","(520, 0.21269907322847253)","(120, 0.16669944827956765)"
"(417, 0.05443624462160403)","(132, 0.07751788402441602)","(571, 0.06391338691915985)","(443, 0.1050785323231671)","(173, 0.10267703981163144)","(505, 0.08639244542685758)","(491, 0.05817031146263776)","(563, 0.2087230390270472)","(95, 0.16587023467089776)"
"(573, 0.05443624462160401)","(417, 0.07751788402441596)","(620, 0.06347869124769943)","(655, 0.10448395798054287)","(11, 0.10235459955321248)","(520, 0.0844224774335558)","(108, 0.05766640839026896)","(33, 0.2076443597697382)","(168, 0.16545258670019417)"
"(295, 0.054436244621604006)","(573, 0.07751788402441595)","(443, 0.06303647893377606)","(646, 0.10406580115030364)","(663, 0.10211065728557915)","(197, 0.08406296038128182)","(166, 0.05704161846677643)","(130, 0.20321834295518462)","(635, 0.1618491757808963)"
"(169, 0.05386891886454899)","(295, 0.07751788402441594)","(312, 0.061433494880167236)","(568, 0.10264601019483201)","(656, 0.10200083547695761)","(599, 0.0831547956818051)","(520, 0.05700991122427222)","(446, 0.20227087215853629)","(624, 0.15762240929102536)"
"(505, 0.05369626162918332)","(38, 0.07601253909479218)","(73, 0.06108239913277403)","(212, 0.10175331472959499)","(461, 0.0999223984695528)","(130, 0.08306509972364652)","(182, 0.0562547283585573)","(534, 0.19638230443123522)","(218, 0.15742030998089662)"
"(38, 0.05337912953312868)","(469, 0.07589504254366072)","(522, 0.05980165473238638)","(389, 0.10062543265364819)","(185, 0.09924135125659339)","(331, 0.08169216881121409)","(20, 0.05506078164995944)","(28, 0.1923830405286832)","(318, 0.15722716114290547)"
"(36, 0.052873154800785596)","(321, 0.075823898344895)","(676, 0.05945295406455518)","(296, 0.10032241110048765)","(49, 0.09766988017957752)","(613, 0.08071378419013872)","(129, 0.0550169049376691)","(565, 0.1916046381927715)","(520, 0.157111096737971)"
"(88, 0.05273404082785333)","(460, 0.07563742381683294)","(544, 0.05928097106991671)","(17, 0.09917514311084659)","(19, 0.09762275424365655)","(595, 0.0799294294761841)","(331, 0.05468040694963396)","(110, 0.1895120420460618)","(547, 0.15658893578321142)"
"(600, 0.05241948655350454)","(36, 0.07529202483276519)","(560, 0.05835984855295696)","(676, 0.09910498271870885)","(275, 0.09738620914994209)","(601, 0.07895471077425663)","(488, 0.05416902250407158)","(74, 0.18738286208121355)","(563, 0.15417418175958458)"
"(539, 0.05191056324981911)","(88, 0.07509392481879655)","(574, 0.05733462982171639)","(58, 0.09561655562362247)","(168, 0.09713606668704072)","(178, 0.07790948474582415)","(188, 0.05347291607906827)","(293, 0.18365178907083496)","(33, 0.15337741062855909)"
"(222, 0.051844042496765746)","(169, 0.07415715562175391)","(142, 0.05721430517739842)","(508, 0.09383808474771568)","(28, 0.09688536110802877)","(511, 0.07649829482336871)","(561, 0.05346447667239268)","(647, 0.1714834751192174)","(628, 0.1528260046000597)"
"(633, 0.05159045394908572)","(505, 0.07391947181925494)","(572, 0.05661237061114158)","(312, 0.09360648356152136)","(138, 0.09679414803622197)","(660, 0.0753323279395718)","(300, 0.05323997471133143)","(67, 0.16853938528524842)","(130, 0.1523087511234542)"
"(457, 0.05159045394908564)","(222, 0.07382655621372952)","(655, 0.056185522692717066)","(287, 0.09191156124672382)","(487, 0.09677833111530941)","(509, 0.0746428338301749)","(620, 0.053044856633947875)","(312, 0.16810287780681096)","(446, 0.1494082606031756)"
"(84, 0.05132298361902121)","(84, 0.07308456194252912)","(29, 0.056052804114352324)","(309, 0.09006876243975738)","(226, 0.09650013881880148)","(619, 0.07198240832483452)","(116, 0.050991214755480324)","(11, 0.162843522957204)","(400, 0.1453568125414527)"
"(103, 0.051321325368704256)","(322, 0.07118585412408188)","(646, 0.055960661761636186)","(178, 0.08991074524741977)","(296, 0.09633362484785633)","(639, 0.07124912188625607)","(276, 0.05053625412168658)","(568, 0.15969233899614677)","(534, 0.14505864440687782)"
"(184, 0.050764953424337754)","(468, 0.07080525875423652)","(146, 0.0547087824310325)","(468, 0.0884367630094721)","(228, 0.09627838607647822)","(531, 0.06997154978297612)","(44, 0.05053625412168657)","(547, 0.15969233899614674)","(28, 0.1421045707085896)"
"(468, 0.04902791385027519)","(387, 0.07080525875423649)","(623, 0.05370344984888232)","(387, 0.08843676300947208)","(563, 0.09566448225844887)","(86, 0.06853892033206754)","(577, 0.05053625412168655)","(220, 0.15758511206749223)","(565, 0.1415296004332507)"
"(387, 0.049027913850275176)","(212, 0.07023646083563467)","(17, 0.05333074436982563)","(385, 0.08775087523528005)","(599, 0.0954619839056739)","(385, 0.06806357728192457)","(492, 0.04983093545653024)","(636, 0.15493667498786937)","(511, 0.13793860402657362)"
"(620, 0.04888519078233295)","(31, 0.0697241989538913)","(468, 0.05305310252405236)","(135, 0.08752691049608684)","(187, 0.09520727100591046)","(11, 0.06731994966694377)","(551, 0.048762496356847505)","(40, 0.15242975566152667)","(293, 0.13565519379492505)"
"(197, 0.04884052439220891)","(16, 0.06949375073042369)","(387, 0.053053102524052334)","(537, 0.08743062374807983)","(583, 0.09513622598262951)","(312, 0.06695278524117637)","(66, 0.04817749459602945)","(328, 0.14875620966961076)","(4, 0.1328985963732269)"
"(546, 0.04853101427099149)","(611, 0.0693747020214444)","(537, 0.052449520850869666)","(611, 0.0866499775506594)","(245, 0.09509826676779252)","(287, 0.06584972485485832)","(412, 0.04770938381825345)","(668, 0.14739254588430695)","(392, 0.13082090570685806)"
"(31, 0.048279352123493144)","(412, 0.06843271512923146)","(611, 0.05198121218219618)","(20, 0.0864884287499188)","(495, 0.09361945539065408)","(452, 0.06574235557985526)","(546, 0.046787479833070876)","(653, 0.14635024800265198)","(442, 0.12439845095330207)"
"(611, 0.0480373488345225)","(73, 0.0669852510091956)","(523, 0.051820835735342616)","(13, 0.0843050530290219)","(263, 0.09348533125187299)","(569, 0.06570158630889823)","(665, 0.04658933395182299)","(52, 0.14607569805122445)","(312, 0.12416992277473526)"
"(73, 0.047039796762610254)","(116, 0.06409940113923651)","(464, 0.05182083573534255)","(81, 0.08337662841284933)","(10, 0.09336047599582273)","(622, 0.0656512442867466)","(611, 0.04649439587330788)","(672, 0.13926728637640193)","(667, 0.12368112819155681)"
"(116, 0.045013234357825865)","(574, 0.06287530654745199)","(58, 0.05141713866535295)","(576, 0.08156765019570324)","(158, 0.09243763637616838)","(592, 0.06463650532898595)","(478, 0.04597372245534827)","(227, 0.1347710114039312)","(620, 0.12324076659415772)"
"(460, 0.04444269495494624)","(160, 0.06287530654745194)","(129, 0.051209554161244515)","(621, 0.0802964971788207)","(157, 0.09080059649965118)","(196, 0.06380984915303184)","(556, 0.045185729936506186)","(112, 0.13452270552178355)","(183, 0.12234059373260381)"
"(574, 0.044153624817692194)","(122, 0.06285946266744588)","(331, 0.0508963429407486)","(4, 0.08010522301197386)","(670, 0.09013446688980815)","(597, 0.0633365447619567)","(638, 0.045034513064849555)","(664, 0.12992343843357954)","(129, 0.12228779200003755)"
"(160, 0.04415362481769215)","(142, 0.0627433540273044)","(191, 0.05074782438268034)","(588, 0.07827527666129254)","(64, 0.0900010765987402)","(127, 0.06233508064011661)","(326, 0.042902086221757306)","(650, 0.12832160483472158)","(112, 0.12106088733927704)"
"(638, 0.04400909537977149)","(638, 0.06266949484451897)","(488, 0.05042034798080104)","(624, 0.07782393673065481)","(71, 0.08888940185955678)","(4, 0.06213326103634373)","(321, 0.042289848788274485)","(139, 0.12832160483472155)","(11, 0.12028507741074847)"
"(655, 0.04326869288027601)","(54, 0.06174263988783905)","(309, 0.048433851413882255)","(46, 0.07470481390785673)","(501, 0.0884438381421809)","(231, 0.06120027252917119)","(290, 0.04228984878827447)","(320, 0.125627023201369)","(568, 0.11795744165460673)"
"(646, 0.043095526589362915)","(646, 0.06136856161454535)","(561, 0.04842283864887567)","(554, 0.074496344209512)","(84, 0.08844383814218089)","(576, 0.058438865030549625)","(323, 0.04228984878827447)","(4, 0.12523382341622857)","(585, 0.11467375937361862)"
"(568, 0.04250756552822149)","(568, 0.06053129780868858)","(605, 0.048064882994408094)","(136, 0.07349703527657413)","(105, 0.08844383814218088)","(554, 0.057782759063426344)","(222, 0.039152792024526394)","(441, 0.1244902425370181)","(516, 0.11450215006317369)"
"(607, 0.04242361320684124)","(290, 0.059806345934701535)","(135, 0.047066988186043754)","(510, 0.07287313541499485)","(70, 0.0881388155595601)","(510, 0.05652372435939528)","(272, 0.03866659789848205)","(134, 0.11452012196981842)","(636, 0.11444464972412578)"
"(290, 0.041998474522347035)","(215, 0.05900614220030442)","(276, 0.04703897911892549)","(410, 0.07157860101529592)","(77, 0.08711028894347447)","(108, 0.05628478893535039)","(456, 0.037567671310971294)","(196, 0.11394010834374659)","(88, 0.11441479950316884)"
"(312, 0.04161375749175269)","(482, 0.05896740286988416)","(44, 0.04703897911892548)","(126, 0.07092871939431152)","(678, 0.08705933587134886)","(110, 0.055264064195860135)","(33, 0.03540592991262562)","(188, 0.11168962089050835)","(616, 0.11349758716002012)"
"(623, 0.041357238782505724)","(623, 0.058893218329025346)","(577, 0.04703897911892546)","(19, 0.07060985366509161)","(192, 0.08611400641238985)","(670, 0.055203986404620285)","(580, 0.03536801031707294)","(326, 0.11026223332944132)","(611, 0.11236331573378489)"
"(17, 0.04107021682141627)","(50, 0.05853857938517354)","(642, 0.046427910390669215)","(572, 0.07046514910709611)","(581, 0.08605395424222978)","(19, 0.05476821990565311)","(635, 0.03536801031707294)","(439, 0.11003486836185418)","(625, 0.11187378977979312)"
"(58, 0.03959654151232271)","(17, 0.058484495514899336)","(551, 0.04538797122543596)","(464, 0.07014604418696521)","(3, 0.08600722065795802)","(24, 0.05430552666800964)","(554, 0.035248321275622045)","(3, 0.10966768292776319)","(665, 0.11187378977979312)"
"(206, 0.037375729608887645)","(18, 0.058371183071943326)","(302, 0.04531600626971194)","(465, 0.0701460441869652)","(634, 0.08543191506634128)","(649, 0.05040153777250484)","(645, 0.031191653222047266)","(215, 0.10778411388287396)","(670, 0.1109562735649716)"
"(309, 0.03729910022013269)","(585, 0.057889166702877456)","(327, 0.045316006269711905)","(215, 0.06928077653574455)","(603, 0.08404830896210594)","(299, 0.04957012785472676)","(477, 0.03084011057666021)","(175, 0.10743546904277759)","(607, 0.11062376406807467)"
"(135, 0.03624647345116694)","(312, 0.05728642704119117)","(231, 0.044203801710703636)","(531, 0.06789513712808533)","(293, 0.08368538505629027)","(562, 0.048527794462554175)","(151, 0.030626715776368735)","(181, 0.10690723518526489)","(666, 0.11062376406807467)"
"(20, 0.03581641941602897)","(58, 0.05638596369122129)","(546, 0.043549632341082556)","(49, 0.06583118638880385)","(24, 0.08347908326453886)","(476, 0.04709308062949585)","(310, 0.028587622388168945)","(669, 0.10565059210275346)","(328, 0.10987942210106236)"
"(18, 0.034297475409895854)","(617, 0.0555950005843389)","(621, 0.04317888364476449)","(398, 0.06552045611872503)","(285, 0.08270831463268756)","(66, 0.04702321837732287)","(616, 0.0274266978357183)","(628, 0.10436151951352364)","(653, 0.10810224803787608)"
"(585, 0.03401425441461761)","(539, 0.05315626363879814)","(478, 0.04279218965040756)","(104, 0.06466981164751172)","(80, 0.08236475240199764)","(290, 0.04696833052789275)","(320, 0.01683595826575728)","(64, 0.10246450256568782)","(580, 0.10789945052059763)"
"(233, 0.03397840582320605)","(309, 0.05311437894324969)","(612, 0.042251390839680956)","(124, 0.06274052926190327)","(443, 0.08182078147899019)","(547, 0.04682384231727536)","(98, 0.0)","(445, 0.09630264072366501)","(605, 0.10605569246840629)"
"(621, 0.03325222879132637)","(633, 0.05282847265912551)","(556, 0.040924768110129704)","(491, 0.062451577516208306)","(12, 0.08112708645688532)","(402, 0.04625977946355395)","(1, 0.0)","(656, 0.09606784490420121)","(608, 0.10605569246840629)"
"(55, 0.03243161298225418)","(457, 0.05282847265912543)","(461, 0.040335834108902596)","(329, 0.06220573002769683)","(622, 0.0810720418277128)","(491, 0.04474321989977905)","(10, 0.0)","(556, 0.09601164237608092)","(621, 0.1057703829596642)"
"(461, 0.031062785117670463)","(184, 0.051983162556896535)","(647, 0.03951516663227921)","(326, 0.06139847256791459)","(33, 0.08061157207182403)","(508, 0.044623843244248444)","(100, 0.0)","(166, 0.09531489522082257)","(612, 0.10334266765023876)"
"(647, 0.030430785853428486)","(135, 0.05161542543598847)","(127, 0.039030482446282454)","(173, 0.061103862737617476)","(53, 0.0801713900699556)","(326, 0.04391574805044447)","(101, 0.0)","(490, 0.09516570833248425)","(571, 0.10290891911582142)"
"(572, 0.029180890104159085)","(20, 0.05100302318355927)","(520, 0.038865626801506944)","(476, 0.06071469070229603)","(568, 0.08008449493902146)","(620, 0.04080084196298991)","(102, 0.0)","(142, 0.09345373750723578)","(416, 0.09942257933277981)"
"(215, 0.028690420045059905)","(197, 0.050012552904797364)","(622, 0.03725525638053469)","(71, 0.05991299232728395)","(421, 0.08000046167360116)","(234, 0.03808176784885849)","(103, 0.0)","(287, 0.09313939846968212)","(555, 0.09746352263586877)"
"(326, 0.02729534376885316)","(621, 0.047351584094697044)","(215, 0.037255256380534674)","(308, 0.05970377655441542)","(274, 0.07929415408240889)","(538, 0.036912657451358494)","(107, 0.0)","(145, 0.09208690512045657)","(394, 0.09657873532151176)"
"(100, 0.026340640925286103)","(287, 0.0466618583705661)","(300, 0.03629553078783433)","(501, 0.05961267468511288)","(320, 0.07848225551183448)","(53, 0.036644198197925464)","(109, 0.0)","(399, 0.09154449451874516)","(438, 0.0952715476623796)"
"(81, 0.02539870474016415)","(631, 0.04444835231389359)","(332, 0.03379727229081186)","(105, 0.059612674685112874)","(186, 0.07830145830434748)","(322, 0.03547791131818988)","(11, 0.0)","(615, 0.08981066772819023)","(546, 0.0934941448762169)"
"(151, 0.02451552991194693)","(647, 0.043333814537634775)","(81, 0.03298087847240303)","(195, 0.05961267468511285)","(522, 0.07762200882255879)","(65, 0.02965726260975559)","(111, 0.0)","(383, 0.08438376753690585)","(662, 0.09329259318750072)"
"(26, 0.023409710312146094)","(488, 0.04300639859134289)","(635, 0.03292042767508572)","(237, 0.0589919834986497)","(676, 0.07716939849871489)","(182, 0.029349609869860772)","(112, 0.0)","(386, 0.08207477422399267)","(320, 0.09279494778941756)"
"(294, 0.018145414873868)","(613, 0.04289247415653976)","(554, 0.03280902150896948)","(663, 0.05868046445421204)","(389, 0.07539893220399436)","(151, 0.02631549032099505)","(113, 0.0)","(388, 0.08207477422399248)","(421, 0.08993110672804747)"
"(157, 0.017318476503174366)","(572, 0.041553947568339404)","(326, 0.03257241791763271)","(228, 0.0572959767656842)","(130, 0.07504708524540177)","(320, 0.025017653518566788)","(114, 0.0)","(475, 0.08016187103448641)","(15, 0.08745576444905245)"
"(320, 0.015549443727907262)","(576, 0.041410439442268215)","(412, 0.03252513583323448)","(328, 0.05727913243876848)","(279, 0.07481740040001862)","(98, 0.0)","(115, 0.0)","(183, 0.07920181399403722)","(614, 0.08512319037001503)"
"(98, 0.0)","(217, 0.04108439636422987)","(212, 0.03102249283429955)","(197, 0.057269664030994295)","(52, 0.07422597858634729)","(1, 0.0)","(117, 0.0)","(178, 0.0788130594141355)","(19, 0.08159691236662424)"
"(1, 0.0)","(206, 0.038272636866242986)","(240, 0.030419703532248592)","(26, 0.05652907508342903)","(516, 0.07347996991805912)","(10, 0.0)","(12, 0.0)","(438, 0.0754978115847447)","(326, 0.08144567883734256)"
"(10, 0.0)","(326, 0.03757537924059211)","(26, 0.03039811749368998)","(80, 0.055515265886210696)","(460, 0.07312181562570996)","(100, 0.0)","(120, 0.0)","(185, 0.07549781158474461)","(613, 0.08096830456790655)"
"(101, 0.0)","(124, 0.036570030821905075)","(562, 0.030385189374545745)","(192, 0.05124707955412738)","(595, 0.07221409144721588)","(101, 0.0)","(121, 0.0)","(275, 0.07408651309417133)","(447, 0.08096524677010977)"
"(102, 0.0)","(81, 0.036168068942012445)","(151, 0.02949791133321049)","(240, 0.05070806388524068)","(561, 0.07213430904093827)","(102, 0.0)","(122, 0.0)","(662, 0.0733039738695964)","(215, 0.07961520511600353)"
"(104, 0.0)","(233, 0.0347937873313426)","(322, 0.029179924276478465)","(130, 0.0505830318174131)","(384, 0.07085887531830076)","(103, 0.0)","(123, 0.0)","(442, 0.06571959164407906)","(164, 0.07799348801685713)"
"(105, 0.0)","(26, 0.03333571633451603)","(645, 0.02903308822738838)","(332, 0.049561281648423994)","(468, 0.06886244888397548)","(107, 0.0)","(125, 0.0)","(228, 0.06537354297526243)","(155, 0.0779934880168571)"
"(108, 0.0)","(313, 0.03283271109032396)","(321, 0.028830451498711645)","(234, 0.04909686785051669)","(387, 0.06886244888397546)","(109, 0.0)","(127, 0.0)","(447, 0.06416080241736077)","(287, 0.07663052814427737)"
"(109, 0.0)","(330, 0.03254122846618908)","(323, 0.02883045149871163)","(649, 0.04890586715807111)","(611, 0.06747114488169147)","(111, 0.0)","(128, 0.0)","(50, 0.06370383749577263)","(597, 0.07544478090534407)"
"(110, 0.0)","(491, 0.03170555070060477)","(477, 0.02870587348931231)","(595, 0.04867354506035146)","(509, 0.06743779435705445)","(113, 0.0)","(131, 0.0)","(86, 0.06351236174707166)","(497, 0.07374917604538309)"
"(111, 0.0)","(173, 0.03050437092588943)","(104, 0.028041985267753224)","(146, 0.04864603580592534)","(30, 0.06727147052881313)","(114, 0.0)","(132, 0.0)","(200, 0.06202789697236136)","(291, 0.07234055226360049)"
"(113, 0.0)","(100, 0.026972738606227755)","(310, 0.026609264892067688)","(33, 0.04797254034569765)","(604, 0.06727147052881309)","(115, 0.0)","(133, 0.0)","(191, 0.06100797031179839)","(233, 0.07165368460440315)"
"(114, 0.0)","(22, 0.0255656114527109)","(272, 0.02636035614394206)","(538, 0.04758959384694275)","(541, 0.0672446293105934)","(116, 0.0)","(135, 0.0)","(502, 0.06047586476592472)","(200, 0.07140733265507193)"
"(117, 0.0)","(157, 0.02466172423142965)","(456, 0.025611179909226893)","(53, 0.0472434831164388)","(540, 0.06724462931059338)","(12, 0.0)","(136, 0.0)","(146, 0.060271428579117936)","(445, 0.06944308475877597)"
"(12, 0.0)","(23, 0.02059231031358853)","(616, 0.024840392100129383)","(579, 0.04673986105801984)","(479, 0.06623998871267482)","(121, 0.0)","(138, 0.0)","(524, 0.060271428579117894)","(166, 0.06890102677695134)"
"(121, 0.0)","(616, 0.01975177653651626)","(294, 0.023562292995202055)","(460, 0.04599985636183932)","(231, 0.06584931371961791)","(122, 0.0)","(139, 0.0)","(256, 0.0602714285791178)","(296, 0.06820332674716233)"
"(122, 0.0)","(226, 0.018629219372377562)","(124, 0.023174982271015266)","(619, 0.04383415493032389)","(307, 0.06568775529082392)","(123, 0.0)","(14, 0.0)","(186, 0.059567797808271074)","(461, 0.06536904785728205)"
"(123, 0.0)","(98, 0.0)","(329, 0.019694947804512267)","(331, 0.043480087727563066)","(619, 0.06503417141128576)","(125, 0.0)","(140, 0.0)","(384, 0.05390585628017192)","(226, 0.06313755019464493)"
"(124, 0.0)","(1, 0.0)","(400, 0.016801917135167304)","(639, 0.04338761539233148)","(529, 0.06364132260378261)","(128, 0.0)","(141, 0.0)","(173, 0.05254816449238473)","(299, 0.06199892687516613)"
"(125, 0.0)","(10, 0.0)","(663, 0.014778602002635019)","(157, 0.04182014409937375)","(648, 0.06339884451186166)","(129, 0.0)","(142, 0.0)","(468, 0.05238707580335451)","(390, 0.05273781026022001)"
"(126, 0.0)","(101, 0.0)","(320, 0.011477654617432212)","(86, 0.041737220558602114)","(50, 0.06298124337720197)","(131, 0.0)","(143, 0.0)","(387, 0.052387075803354485)","(617, 0.052473458669431504)"
"(127, 0.0)","(102, 0.0)","(98, 0.0)","(293, 0.04037769203109535)","(270, 0.06193823514360669)","(132, 0.0)","(144, 0.0)","(276, 0.05185221318897071)","(491, 0.05206850263008568)"
"(128, 0.0)","(103, 0.0)","(1, 0.0)","(569, 0.0400094075824173)","(86, 0.061923072552746344)","(135, 0.0)","(145, 0.0)","(461, 0.05153506317302868)","(397, 0.04633519592985156)"
"(129, 0.0)","(104, 0.0)","(10, 0.0)","(556, 0.039599904245192205)","(160, 0.06173253511967815)","(136, 0.0)","(147, 0.0)","(611, 0.05132864193388862)","(173, 0.04606658383502419)"
"(13, 0.0)","(105, 0.0)","(100, 0.0)","(219, 0.03877008278593163)","(125, 0.0600277965121358)","(138, 0.0)","(148, 0.0)","(158, 0.05033580408203241)","(508, 0.04532101781547069)"
"(130, 0.0)","(108, 0.0)","(101, 0.0)","(469, 0.038625712374138706)","(462, 0.05954185551631846)","(14, 0.0)","(149, 0.0)","(34, 0.050052697078232705)","(539, 0.045285743960484307)"
"(131, 0.0)","(109, 0.0)","(102, 0.0)","(597, 0.038569200176220786)","(560, 0.059431129214367245)","(140, 0.0)","(15, 0.0)","(151, 0.048942274291491436)","(26, 0.04103052183001736)"
"(133, 0.0)","(110, 0.0)","(103, 0.0)","(317, 0.038197317843789484)","(569, 0.05935961751549379)","(141, 0.0)","(153, 0.0)","(184, 0.04800582118804045)","(308, 0.040589098046115143)"
"(134, 0.0)","(111, 0.0)","(105, 0.0)","(642, 0.03760362705308616)","(161, 0.05894205664724564)","(142, 0.0)","(154, 0.0)","(491, 0.041049298717413606)","(66, 0.038795987145664644)"
"(136, 0.0)","(113, 0.0)","(108, 0.0)","(151, 0.037061015744546864)","(137, 0.05790343568856206)","(143, 0.0)","(155, 0.0)","(581, 0.03829539739205176)","(668, 0.037230857480786896)"
"(137, 0.0)","(114, 0.0)","(109, 0.0)","(496, 0.03521618700101641)","(613, 0.05778318235361821)","(145, 0.0)","(158, 0.0)","(26, 0.03745363751483644)","(14, 0.03600518957345882)"
"(138, 0.0)","(117, 0.0)","(110, 0.0)","(320, 0.03497710460286167)","(219, 0.05752090381433952)","(147, 0.0)","(159, 0.0)","(620, 0.037432396537671345)","(672, 0.03029915597797774)"
"(140, 0.0)","(12, 0.0)","(111, 0.0)","(137, 0.03445876110999406)","(29, 0.05708173558957771)","(148, 0.0)","(162, 0.0)","(240, 0.03003781567980869)","(185, 0.027574862132555666)"
"(141, 0.0)","(121, 0.0)","(112, 0.0)","(110, 0.03365341072097656)","(633, 0.056837779951881565)","(149, 0.0)","(163, 0.0)","(476, 0.02780113690836015)","(313, 0.024791378941203965)"
"(143, 0.0)","(123, 0.0)","(113, 0.0)","(28, 0.031723009077834693)","(457, 0.056837779951881474)","(15, 0.0)","(164, 0.0)","(226, 0.024119322137318003)","(98, 0.0)"
"(144, 0.0)","(125, 0.0)","(114, 0.0)","(299, 0.03018605121538287)","(252, 0.054905009917851876)","(153, 0.0)","(165, 0.0)","(109, 0.020174713359947537)","(1, 0.0)"
"(145, 0.0)","(126, 0.0)","(117, 0.0)","(330, 0.0297631102792241)","(518, 0.0540202242020513)","(154, 0.0)","(167, 0.0)","(98, 0.0)","(10, 0.0)"
"(147, 0.0)","(128, 0.0)","(12, 0.0)","(278, 0.02741576439768603)","(523, 0.052772083220692344)","(155, 0.0)","(169, 0.0)","(1, 0.0)","(100, 0.0)"
"(148, 0.0)","(129, 0.0)","(120, 0.0)","(182, 0.017872635496917404)","(571, 0.05275102723677373)","(157, 0.0)","(17, 0.0)","(10, 0.0)","(104, 0.0)"
"(149, 0.0)","(13, 0.0)","(121, 0.0)","(98, 0.0)","(154, 0.052522386593279874)","(158, 0.0)","(170, 0.0)","(100, 0.0)","(105, 0.0)"
"(15, 0.0)","(130, 0.0)","(122, 0.0)","(1, 0.0)","(5, 0.05199451001389341)","(159, 0.0)","(173, 0.0)","(104, 0.0)","(107, 0.0)"
"(150, 0.0)","(131, 0.0)","(123, 0.0)","(10, 0.0)","(191, 0.05167937517004193)","(160, 0.0)","(174, 0.0)","(105, 0.0)","(108, 0.0)"
"(153, 0.0)","(133, 0.0)","(125, 0.0)","(100, 0.0)","(499, 0.050855443427322906)","(162, 0.0)","(175, 0.0)","(107, 0.0)","(109, 0.0)"
"(155, 0.0)","(134, 0.0)","(126, 0.0)","(101, 0.0)","(452, 0.050406843509044987)","(164, 0.0)","(176, 0.0)","(108, 0.0)","(111, 0.0)"
"(159, 0.0)","(136, 0.0)","(128, 0.0)","(102, 0.0)","(294, 0.05003139016360118)","(165, 0.0)","(177, 0.0)","(111, 0.0)","(113, 0.0)"
"(16, 0.0)","(137, 0.0)","(13, 0.0)","(103, 0.0)","(330, 0.05001300936047873)","(167, 0.0)","(178, 0.0)","(113, 0.0)","(114, 0.0)"
"(163, 0.0)","(138, 0.0)","(130, 0.0)","(108, 0.0)","(110, 0.04992959679230252)","(168, 0.0)","(179, 0.0)","(114, 0.0)","(116, 0.0)"
"(167, 0.0)","(140, 0.0)","(131, 0.0)","(109, 0.0)","(605, 0.048947184455456844)","(17, 0.0)","(18, 0.0)","(116, 0.0)","(117, 0.0)"
"(170, 0.0)","(141, 0.0)","(133, 0.0)","(111, 0.0)","(544, 0.048927654600543886)","(170, 0.0)","(180, 0.0)","(117, 0.0)","(12, 0.0)"
"(173, 0.0)","(143, 0.0)","(134, 0.0)","(113, 0.0)","(17, 0.04794697187694511)","(173, 0.0)","(181, 0.0)","(12, 0.0)","(121, 0.0)"
"(175, 0.0)","(144, 0.0)","(136, 0.0)","(114, 0.0)","(76, 0.04630586386754213)","(174, 0.0)","(183, 0.0)","(121, 0.0)","(122, 0.0)"
"(176, 0.0)","(145, 0.0)","(137, 0.0)","(117, 0.0)","(278, 0.04606860199027208)","(175, 0.0)","(185, 0.0)","(122, 0.0)","(123, 0.0)"
"(177, 0.0)","(146, 0.0)","(138, 0.0)","(12, 0.0)","(309, 0.04535877434680925)","(176, 0.0)","(186, 0.0)","(123, 0.0)","(124, 0.0)"
"(179, 0.0)","(147, 0.0)","(140, 0.0)","(121, 0.0)","(75, 0.04468663534994369)","(177, 0.0)","(187, 0.0)","(124, 0.0)","(126, 0.0)"
"(180, 0.0)","(148, 0.0)","(141, 0.0)","(122, 0.0)","(273, 0.04354673561942325)","(179, 0.0)","(189, 0.0)","(126, 0.0)","(127, 0.0)"
"(182, 0.0)","(149, 0.0)","(143, 0.0)","(123, 0.0)","(642, 0.04323683740758848)","(18, 0.0)","(19, 0.0)","(127, 0.0)","(128, 0.0)"
"(189, 0.0)","(15, 0.0)","(144, 0.0)","(125, 0.0)","(612, 0.04302697712111493)","(180, 0.0)","(190, 0.0)","(128, 0.0)","(13, 0.0)"
"(191, 0.0)","(150, 0.0)","(145, 0.0)","(127, 0.0)","(87, 0.042610033323823716)","(181, 0.0)","(192, 0.0)","(129, 0.0)","(131, 0.0)"
"(192, 0.0)","(151, 0.0)","(147, 0.0)","(128, 0.0)","(129, 0.04226589634124118)","(184, 0.0)","(193, 0.0)","(13, 0.0)","(132, 0.0)"
"(193, 0.0)","(153, 0.0)","(148, 0.0)","(129, 0.0)","(488, 0.041614523620645695)","(189, 0.0)","(194, 0.0)","(131, 0.0)","(133, 0.0)"
"(194, 0.0)","(155, 0.0)","(149, 0.0)","(131, 0.0)","(206, 0.04117725921054099)","(190, 0.0)","(196, 0.0)","(132, 0.0)","(134, 0.0)"
"(195, 0.0)","(159, 0.0)","(15, 0.0)","(133, 0.0)","(54, 0.04113894137565887)","(191, 0.0)","(197, 0.0)","(133, 0.0)","(135, 0.0)"
"(196, 0.0)","(163, 0.0)","(150, 0.0)","(138, 0.0)","(508, 0.040316443115943366)","(192, 0.0)","(198, 0.0)","(135, 0.0)","(136, 0.0)"
"(198, 0.0)","(167, 0.0)","(153, 0.0)","(140, 0.0)","(520, 0.039579062415519235)","(193, 0.0)","(199, 0.0)","(136, 0.0)","(137, 0.0)"
"(199, 0.0)","(170, 0.0)","(155, 0.0)","(141, 0.0)","(276, 0.038823704834027715)","(198, 0.0)","(2, 0.0)","(137, 0.0)","(138, 0.0)"
"(2, 0.0)","(175, 0.0)","(158, 0.0)","(143, 0.0)","(44, 0.038823704834027715)","(199, 0.0)","(200, 0.0)","(138, 0.0)","(139, 0.0)"
"(200, 0.0)","(176, 0.0)","(159, 0.0)","(144, 0.0)","(577, 0.03882370483402769)","(2, 0.0)","(201, 0.0)","(14, 0.0)","(140, 0.0)"
"(201, 0.0)","(177, 0.0)","(16, 0.0)","(145, 0.0)","(115, 0.03851949847978785)","(20, 0.0)","(202, 0.0)","(140, 0.0)","(141, 0.0)"
"(207, 0.0)","(178, 0.0)","(163, 0.0)","(147, 0.0)","(551, 0.03746104254126341)","(200, 0.0)","(203, 0.0)","(141, 0.0)","(142, 0.0)"
"(208, 0.0)","(179, 0.0)","(165, 0.0)","(148, 0.0)","(233, 0.037434389610160476)","(201, 0.0)","(204, 0.0)","(143, 0.0)","(143, 0.0)"
"(209, 0.0)","(180, 0.0)","(167, 0.0)","(149, 0.0)","(616, 0.037004119759311546)","(202, 0.0)","(206, 0.0)","(144, 0.0)","(144, 0.0)"
"(21, 0.0)","(181, 0.0)","(169, 0.0)","(15, 0.0)","(300, 0.03696178851798154)","(203, 0.0)","(207, 0.0)","(147, 0.0)","(145, 0.0)"
"(216, 0.0)","(182, 0.0)","(170, 0.0)","(150, 0.0)","(546, 0.03594376628297962)","(204, 0.0)","(208, 0.0)","(148, 0.0)","(146, 0.0)"
"(218, 0.0)","(189, 0.0)","(173, 0.0)","(153, 0.0)","(116, 0.03540058961872317)","(206, 0.0)","(209, 0.0)","(149, 0.0)","(147, 0.0)"
"(219, 0.0)","(191, 0.0)","(174, 0.0)","(158, 0.0)","(478, 0.03531860961499347)","(207, 0.0)","(21, 0.0)","(15, 0.0)","(148, 0.0)"
"(22, 0.0)","(192, 0.0)","(175, 0.0)","(159, 0.0)","(638, 0.034597076355597785)","(208, 0.0)","(212, 0.0)","(150, 0.0)","(149, 0.0)"
"(220, 0.0)","(193, 0.0)","(176, 0.0)","(16, 0.0)","(412, 0.03312218243105539)","(209, 0.0)","(215, 0.0)","(153, 0.0)","(150, 0.0)"
"(224, 0.0)","(194, 0.0)","(177, 0.0)","(163, 0.0)","(322, 0.029715564607183602)","(21, 0.0)","(216, 0.0)","(154, 0.0)","(151, 0.0)"
"(226, 0.0)","(195, 0.0)","(179, 0.0)","(165, 0.0)","(547, 0.029715564607183595)","(215, 0.0)","(218, 0.0)","(155, 0.0)","(153, 0.0)"
"(227, 0.0)","(196, 0.0)","(18, 0.0)","(167, 0.0)","(654, 0.029703708140424737)","(216, 0.0)","(22, 0.0)","(157, 0.0)","(154, 0.0)"
"(228, 0.0)","(198, 0.0)","(180, 0.0)","(170, 0.0)","(321, 0.02935967674374069)","(22, 0.0)","(220, 0.0)","(16, 0.0)","(157, 0.0)"
"(229, 0.0)","(199, 0.0)","(181, 0.0)","(174, 0.0)","(290, 0.029359676743740685)","(220, 0.0)","(221, 0.0)","(160, 0.0)","(158, 0.0)"
"(23, 0.0)","(2, 0.0)","(182, 0.0)","(175, 0.0)","(323, 0.02935967674374068)","(221, 0.0)","(224, 0.0)","(161, 0.0)","(16, 0.0)"
"(230, 0.0)","(200, 0.0)","(189, 0.0)","(176, 0.0)","(100, 0.02901977862378297)","(222, 0.0)","(227, 0.0)","(162, 0.0)","(160, 0.0)"
"(231, 0.0)","(201, 0.0)","(19, 0.0)","(177, 0.0)","(222, 0.02718177885217986)","(224, 0.0)","(228, 0.0)","(163, 0.0)","(161, 0.0)"
"(24, 0.0)","(207, 0.0)","(190, 0.0)","(179, 0.0)","(635, 0.02717093336222643)","(227, 0.0)","(229, 0.0)","(164, 0.0)","(162, 0.0)"
"(242, 0.0)","(208, 0.0)","(192, 0.0)","(18, 0.0)","(554, 0.027078984085456365)","(228, 0.0)","(23, 0.0)","(165, 0.0)","(163, 0.0)"
"(243, 0.0)","(209, 0.0)","(193, 0.0)","(180, 0.0)","(272, 0.026844239163947986)","(229, 0.0)","(230, 0.0)","(17, 0.0)","(165, 0.0)"
"(244, 0.0)","(21, 0.0)","(194, 0.0)","(181, 0.0)","(579, 0.026553904790717786)","(23, 0.0)","(233, 0.0)","(170, 0.0)","(17, 0.0)"
"(245, 0.0)","(216, 0.0)","(196, 0.0)","(184, 0.0)","(182, 0.02651658375359419)","(230, 0.0)","(234, 0.0)","(174, 0.0)","(170, 0.0)"
"(247, 0.0)","(218, 0.0)","(197, 0.0)","(189, 0.0)","(456, 0.02608131070005233)","(233, 0.0)","(242, 0.0)","(176, 0.0)","(174, 0.0)"
"(248, 0.0)","(219, 0.0)","(198, 0.0)","(190, 0.0)","(645, 0.02396251085531976)","(242, 0.0)","(243, 0.0)","(177, 0.0)","(175, 0.0)"
"(251, 0.0)","(220, 0.0)","(199, 0.0)","(191, 0.0)","(477, 0.023692443590970946)","(243, 0.0)","(244, 0.0)","(179, 0.0)","(176, 0.0)"
"(252, 0.0)","(221, 0.0)","(2, 0.0)","(193, 0.0)","(310, 0.021962003967140743)","(244, 0.0)","(247, 0.0)","(18, 0.0)","(177, 0.0)"
"(253, 0.0)","(224, 0.0)","(200, 0.0)","(194, 0.0)","(98, 0.0)","(245, 0.0)","(248, 0.0)","(180, 0.0)","(178, 0.0)"
"(256, 0.0)","(227, 0.0)","(201, 0.0)","(196, 0.0)","(1, 0.0)","(247, 0.0)","(25, 0.0)","(182, 0.0)","(179, 0.0)"
"(261, 0.0)","(228, 0.0)","(204, 0.0)","(198, 0.0)","(101, 0.0)","(248, 0.0)","(250, 0.0)","(189, 0.0)","(18, 0.0)"
"(263, 0.0)","(229, 0.0)","(206, 0.0)","(199, 0.0)","(102, 0.0)","(25, 0.0)","(251, 0.0)","(19, 0.0)","(180, 0.0)"
"(267, 0.0)","(230, 0.0)","(207, 0.0)","(2, 0.0)","(103, 0.0)","(250, 0.0)","(253, 0.0)","(190, 0.0)","(181, 0.0)"
"(268, 0.0)","(231, 0.0)","(208, 0.0)","(200, 0.0)","(107, 0.0)","(251, 0.0)","(256, 0.0)","(192, 0.0)","(182, 0.0)"
"(27, 0.0)","(237, 0.0)","(209, 0.0)","(201, 0.0)","(108, 0.0)","(252, 0.0)","(26, 0.0)","(193, 0.0)","(184, 0.0)"
"(270, 0.0)","(24, 0.0)","(21, 0.0)","(204, 0.0)","(109, 0.0)","(256, 0.0)","(261, 0.0)","(194, 0.0)","(186, 0.0)"
"(271, 0.0)","(242, 0.0)","(216, 0.0)","(206, 0.0)","(111, 0.0)","(26, 0.0)","(263, 0.0)","(195, 0.0)","(188, 0.0)"
"(272, 0.0)","(243, 0.0)","(218, 0.0)","(207, 0.0)","(113, 0.0)","(261, 0.0)","(267, 0.0)","(197, 0.0)","(189, 0.0)"
"(273, 0.0)","(244, 0.0)","(219, 0.0)","(208, 0.0)","(114, 0.0)","(263, 0.0)","(268, 0.0)","(198, 0.0)","(190, 0.0)"
"(274, 0.0)","(245, 0.0)","(22, 0.0)","(209, 0.0)","(117, 0.0)","(267, 0.0)","(27, 0.0)","(2, 0.0)","(191, 0.0)"
"(276, 0.0)","(247, 0.0)","(220, 0.0)","(21, 0.0)","(121, 0.0)","(268, 0.0)","(270, 0.0)","(20, 0.0)","(192, 0.0)"
"(278, 0.0)","(248, 0.0)","(221, 0.0)","(216, 0.0)","(122, 0.0)","(27, 0.0)","(271, 0.0)","(201, 0.0)","(193, 0.0)"
"(279, 0.0)","(251, 0.0)","(224, 0.0)","(218, 0.0)","(123, 0.0)","(270, 0.0)","(274, 0.0)","(202, 0.0)","(194, 0.0)"
"(28, 0.0)","(252, 0.0)","(226, 0.0)","(22, 0.0)","(127, 0.0)","(271, 0.0)","(275, 0.0)","(203, 0.0)","(195, 0.0)"
"(285, 0.0)","(253, 0.0)","(227, 0.0)","(220, 0.0)","(128, 0.0)","(274, 0.0)","(277, 0.0)","(204, 0.0)","(196, 0.0)"
"(287, 0.0)","(256, 0.0)","(228, 0.0)","(221, 0.0)","(131, 0.0)","(276, 0.0)","(278, 0.0)","(206, 0.0)","(197, 0.0)"
"(29, 0.0)","(261, 0.0)","(229, 0.0)","(224, 0.0)","(132, 0.0)","(277, 0.0)","(279, 0.0)","(207, 0.0)","(198, 0.0)"
"(291, 0.0)","(263, 0.0)","(23, 0.0)","(227, 0.0)","(133, 0.0)","(278, 0.0)","(285, 0.0)","(208, 0.0)","(2, 0.0)"
"(292, 0.0)","(267, 0.0)","(230, 0.0)","(229, 0.0)","(14, 0.0)","(279, 0.0)","(292, 0.0)","(21, 0.0)","(20, 0.0)"
"(293, 0.0)","(268, 0.0)","(233, 0.0)","(23, 0.0)","(142, 0.0)","(285, 0.0)","(296, 0.0)","(212, 0.0)","(201, 0.0)"
"(296, 0.0)","(27, 0.0)","(234, 0.0)","(230, 0.0)","(143, 0.0)","(29, 0.0)","(297, 0.0)","(216, 0.0)","(202, 0.0)"
"(297, 0.0)","(270, 0.0)","(24, 0.0)","(231, 0.0)","(144, 0.0)","(291, 0.0)","(298, 0.0)","(217, 0.0)","(203, 0.0)"
"(298, 0.0)","(271, 0.0)","(242, 0.0)","(233, 0.0)","(145, 0.0)","(292, 0.0)","(3, 0.0)","(219, 0.0)","(204, 0.0)"
"(299, 0.0)","(272, 0.0)","(243, 0.0)","(24, 0.0)","(146, 0.0)","(296, 0.0)","(301, 0.0)","(22, 0.0)","(206, 0.0)"
"(30, 0.0)","(273, 0.0)","(244, 0.0)","(242, 0.0)","(147, 0.0)","(298, 0.0)","(303, 0.0)","(224, 0.0)","(207, 0.0)"
"(300, 0.0)","(274, 0.0)","(247, 0.0)","(243, 0.0)","(15, 0.0)","(3, 0.0)","(304, 0.0)","(23, 0.0)","(208, 0.0)"
"(301, 0.0)","(276, 0.0)","(248, 0.0)","(244, 0.0)","(150, 0.0)","(30, 0.0)","(305, 0.0)","(230, 0.0)","(21, 0.0)"
"(302, 0.0)","(278, 0.0)","(250, 0.0)","(245, 0.0)","(153, 0.0)","(300, 0.0)","(306, 0.0)","(231, 0.0)","(212, 0.0)"
"(303, 0.0)","(279, 0.0)","(251, 0.0)","(247, 0.0)","(155, 0.0)","(301, 0.0)","(307, 0.0)","(234, 0.0)","(216, 0.0)"
"(304, 0.0)","(28, 0.0)","(253, 0.0)","(248, 0.0)","(159, 0.0)","(302, 0.0)","(309, 0.0)","(24, 0.0)","(217, 0.0)"
"(305, 0.0)","(285, 0.0)","(256, 0.0)","(250, 0.0)","(16, 0.0)","(303, 0.0)","(318, 0.0)","(242, 0.0)","(219, 0.0)"
"(306, 0.0)","(29, 0.0)","(261, 0.0)","(251, 0.0)","(162, 0.0)","(304, 0.0)","(319, 0.0)","(243, 0.0)","(22, 0.0)"
"(307, 0.0)","(291, 0.0)","(263, 0.0)","(252, 0.0)","(163, 0.0)","(305, 0.0)","(32, 0.0)","(244, 0.0)","(220, 0.0)"
"(308, 0.0)","(292, 0.0)","(267, 0.0)","(253, 0.0)","(164, 0.0)","(306, 0.0)","(325, 0.0)","(245, 0.0)","(224, 0.0)"
"(310, 0.0)","(293, 0.0)","(268, 0.0)","(256, 0.0)","(165, 0.0)","(308, 0.0)","(328, 0.0)","(247, 0.0)","(227, 0.0)"
"(313, 0.0)","(296, 0.0)","(27, 0.0)","(261, 0.0)","(167, 0.0)","(309, 0.0)","(330, 0.0)","(248, 0.0)","(228, 0.0)"
"(317, 0.0)","(297, 0.0)","(270, 0.0)","(263, 0.0)","(170, 0.0)","(310, 0.0)","(34, 0.0)","(25, 0.0)","(23, 0.0)"
"(318, 0.0)","(298, 0.0)","(271, 0.0)","(267, 0.0)","(175, 0.0)","(313, 0.0)","(35, 0.0)","(250, 0.0)","(230, 0.0)"
"(319, 0.0)","(299, 0.0)","(273, 0.0)","(268, 0.0)","(177, 0.0)","(318, 0.0)","(36, 0.0)","(251, 0.0)","(231, 0.0)"
"(32, 0.0)","(30, 0.0)","(274, 0.0)","(27, 0.0)","(178, 0.0)","(319, 0.0)","(37, 0.0)","(252, 0.0)","(234, 0.0)"
"(321, 0.0)","(300, 0.0)","(277, 0.0)","(270, 0.0)","(179, 0.0)","(32, 0.0)","(38, 0.0)","(253, 0.0)","(24, 0.0)"
"(322, 0.0)","(301, 0.0)","(278, 0.0)","(271, 0.0)","(18, 0.0)","(321, 0.0)","(383, 0.0)","(261, 0.0)","(240, 0.0)"
"(323, 0.0)","(302, 0.0)","(279, 0.0)","(272, 0.0)","(180, 0.0)","(323, 0.0)","(385, 0.0)","(263, 0.0)","(242, 0.0)"
"(328, 0.0)","(303, 0.0)","(28, 0.0)","(274, 0.0)","(181, 0.0)","(330, 0.0)","(386, 0.0)","(267, 0.0)","(243, 0.0)"
"(329, 0.0)","(304, 0.0)","(285, 0.0)","(276, 0.0)","(189, 0.0)","(34, 0.0)","(387, 0.0)","(268, 0.0)","(244, 0.0)"
"(33, 0.0)","(305, 0.0)","(287, 0.0)","(277, 0.0)","(193, 0.0)","(36, 0.0)","(388, 0.0)","(270, 0.0)","(245, 0.0)"
"(330, 0.0)","(306, 0.0)","(292, 0.0)","(279, 0.0)","(194, 0.0)","(37, 0.0)","(389, 0.0)","(271, 0.0)","(247, 0.0)"
"(331, 0.0)","(307, 0.0)","(293, 0.0)","(285, 0.0)","(196, 0.0)","(38, 0.0)","(39, 0.0)","(272, 0.0)","(248, 0.0)"
"(332, 0.0)","(308, 0.0)","(296, 0.0)","(29, 0.0)","(198, 0.0)","(39, 0.0)","(391, 0.0)","(273, 0.0)","(25, 0.0)"
"(34, 0.0)","(310, 0.0)","(297, 0.0)","(292, 0.0)","(199, 0.0)","(392, 0.0)","(392, 0.0)","(274, 0.0)","(250, 0.0)"
"(37, 0.0)","(317, 0.0)","(298, 0.0)","(297, 0.0)","(2, 0.0)","(393, 0.0)","(393, 0.0)","(277, 0.0)","(251, 0.0)"
"(385, 0.0)","(318, 0.0)","(299, 0.0)","(298, 0.0)","(200, 0.0)","(394, 0.0)","(394, 0.0)","(278, 0.0)","(252, 0.0)"
"(39, 0.0)","(319, 0.0)","(3, 0.0)","(3, 0.0)","(201, 0.0)","(395, 0.0)","(395, 0.0)","(285, 0.0)","(253, 0.0)"
"(390, 0.0)","(32, 0.0)","(301, 0.0)","(30, 0.0)","(202, 0.0)","(397, 0.0)","(397, 0.0)","(29, 0.0)","(256, 0.0)"
"(391, 0.0)","(323, 0.0)","(303, 0.0)","(300, 0.0)","(203, 0.0)","(398, 0.0)","(398, 0.0)","(290, 0.0)","(261, 0.0)"
"(392, 0.0)","(328, 0.0)","(304, 0.0)","(301, 0.0)","(207, 0.0)","(400, 0.0)","(4, 0.0)","(291, 0.0)","(263, 0.0)"
"(393, 0.0)","(329, 0.0)","(305, 0.0)","(302, 0.0)","(208, 0.0)","(401, 0.0)","(400, 0.0)","(292, 0.0)","(267, 0.0)"
"(394, 0.0)","(33, 0.0)","(306, 0.0)","(303, 0.0)","(209, 0.0)","(406, 0.0)","(401, 0.0)","(295, 0.0)","(268, 0.0)"
"(395, 0.0)","(331, 0.0)","(307, 0.0)","(304, 0.0)","(21, 0.0)","(407, 0.0)","(402, 0.0)","(296, 0.0)","(270, 0.0)"
"(397, 0.0)","(332, 0.0)","(318, 0.0)","(305, 0.0)","(215, 0.0)","(41, 0.0)","(406, 0.0)","(297, 0.0)","(271, 0.0)"
"(398, 0.0)","(34, 0.0)","(319, 0.0)","(306, 0.0)","(216, 0.0)","(410, 0.0)","(407, 0.0)","(298, 0.0)","(272, 0.0)"
"(399, 0.0)","(37, 0.0)","(32, 0.0)","(307, 0.0)","(217, 0.0)","(412, 0.0)","(41, 0.0)","(299, 0.0)","(273, 0.0)"
"(4, 0.0)","(385, 0.0)","(325, 0.0)","(310, 0.0)","(218, 0.0)","(413, 0.0)","(410, 0.0)","(30, 0.0)","(274, 0.0)"
"(40, 0.0)","(39, 0.0)","(328, 0.0)","(313, 0.0)","(22, 0.0)","(414, 0.0)","(413, 0.0)","(300, 0.0)","(275, 0.0)"
"(400, 0.0)","(390, 0.0)","(33, 0.0)","(318, 0.0)","(220, 0.0)","(415, 0.0)","(414, 0.0)","(304, 0.0)","(276, 0.0)"
"(401, 0.0)","(391, 0.0)","(330, 0.0)","(319, 0.0)","(221, 0.0)","(416, 0.0)","(415, 0.0)","(307, 0.0)","(277, 0.0)"
"(407, 0.0)","(392, 0.0)","(34, 0.0)","(32, 0.0)","(224, 0.0)","(417, 0.0)","(416, 0.0)","(308, 0.0)","(278, 0.0)"
"(410, 0.0)","(393, 0.0)","(35, 0.0)","(321, 0.0)","(227, 0.0)","(418, 0.0)","(417, 0.0)","(309, 0.0)","(285, 0.0)"
"(412, 0.0)","(394, 0.0)","(37, 0.0)","(323, 0.0)","(229, 0.0)","(42, 0.0)","(418, 0.0)","(313, 0.0)","(29, 0.0)"
"(413, 0.0)","(395, 0.0)","(385, 0.0)","(34, 0.0)","(23, 0.0)","(420, 0.0)","(42, 0.0)","(317, 0.0)","(290, 0.0)"
"(414, 0.0)","(397, 0.0)","(39, 0.0)","(37, 0.0)","(230, 0.0)","(422, 0.0)","(420, 0.0)","(318, 0.0)","(292, 0.0)"
"(416, 0.0)","(398, 0.0)","(390, 0.0)","(39, 0.0)","(237, 0.0)","(423, 0.0)","(422, 0.0)","(319, 0.0)","(295, 0.0)"
"(418, 0.0)","(399, 0.0)","(391, 0.0)","(390, 0.0)","(242, 0.0)","(424, 0.0)","(423, 0.0)","(324, 0.0)","(297, 0.0)"
"(42, 0.0)","(4, 0.0)","(392, 0.0)","(392, 0.0)","(243, 0.0)","(425, 0.0)","(424, 0.0)","(325, 0.0)","(298, 0.0)"
"(421, 0.0)","(40, 0.0)","(393, 0.0)","(393, 0.0)","(244, 0.0)","(426, 0.0)","(425, 0.0)","(329, 0.0)","(3, 0.0)"
"(422, 0.0)","(400, 0.0)","(394, 0.0)","(394, 0.0)","(248, 0.0)","(427, 0.0)","(426, 0.0)","(332, 0.0)","(30, 0.0)"
"(423, 0.0)","(401, 0.0)","(395, 0.0)","(395, 0.0)","(251, 0.0)","(428, 0.0)","(427, 0.0)","(35, 0.0)","(300, 0.0)"
"(425, 0.0)","(407, 0.0)","(397, 0.0)","(397, 0.0)","(253, 0.0)","(429, 0.0)","(429, 0.0)","(37, 0.0)","(304, 0.0)"
"(426, 0.0)","(410, 0.0)","(398, 0.0)","(40, 0.0)","(256, 0.0)","(44, 0.0)","(43, 0.0)","(38, 0.0)","(307, 0.0)"
"(427, 0.0)","(413, 0.0)","(399, 0.0)","(400, 0.0)","(261, 0.0)","(440, 0.0)","(433, 0.0)","(385, 0.0)","(309, 0.0)"
"(429, 0.0)","(414, 0.0)","(4, 0.0)","(401, 0.0)","(267, 0.0)","(448, 0.0)","(438, 0.0)","(389, 0.0)","(317, 0.0)"
"(43, 0.0)","(416, 0.0)","(40, 0.0)","(407, 0.0)","(268, 0.0)","(45, 0.0)","(439, 0.0)","(39, 0.0)","(319, 0.0)"
"(433, 0.0)","(418, 0.0)","(401, 0.0)","(412, 0.0)","(27, 0.0)","(456, 0.0)","(440, 0.0)","(390, 0.0)","(324, 0.0)"
"(44, 0.0)","(42, 0.0)","(407, 0.0)","(413, 0.0)","(271, 0.0)","(457, 0.0)","(441, 0.0)","(391, 0.0)","(325, 0.0)"
"(440, 0.0)","(421, 0.0)","(410, 0.0)","(414, 0.0)","(277, 0.0)","(458, 0.0)","(442, 0.0)","(392, 0.0)","(329, 0.0)"
"(446, 0.0)","(422, 0.0)","(413, 0.0)","(418, 0.0)","(287, 0.0)","(459, 0.0)","(443, 0.0)","(393, 0.0)","(332, 0.0)"
"(448, 0.0)","(423, 0.0)","(414, 0.0)","(42, 0.0)","(292, 0.0)","(46, 0.0)","(444, 0.0)","(394, 0.0)","(34, 0.0)"
"(45, 0.0)","(425, 0.0)","(416, 0.0)","(422, 0.0)","(304, 0.0)","(462, 0.0)","(445, 0.0)","(395, 0.0)","(35, 0.0)"
"(456, 0.0)","(426, 0.0)","(418, 0.0)","(423, 0.0)","(305, 0.0)","(463, 0.0)","(446, 0.0)","(397, 0.0)","(37, 0.0)"
"(458, 0.0)","(427, 0.0)","(42, 0.0)","(425, 0.0)","(306, 0.0)","(466, 0.0)","(447, 0.0)","(398, 0.0)","(38, 0.0)"
"(459, 0.0)","(429, 0.0)","(421, 0.0)","(426, 0.0)","(318, 0.0)","(467, 0.0)","(448, 0.0)","(402, 0.0)","(383, 0.0)"
"(46, 0.0)","(43, 0.0)","(422, 0.0)","(427, 0.0)","(319, 0.0)","(469, 0.0)","(45, 0.0)","(406, 0.0)","(384, 0.0)"
"(463, 0.0)","(433, 0.0)","(423, 0.0)","(429, 0.0)","(32, 0.0)","(47, 0.0)","(452, 0.0)","(407, 0.0)","(385, 0.0)"
"(464, 0.0)","(44, 0.0)","(425, 0.0)","(43, 0.0)","(34, 0.0)","(470, 0.0)","(457, 0.0)","(41, 0.0)","(386, 0.0)"
"(465, 0.0)","(440, 0.0)","(426, 0.0)","(44, 0.0)","(36, 0.0)","(471, 0.0)","(458, 0.0)","(410, 0.0)","(387, 0.0)"
"(467, 0.0)","(446, 0.0)","(427, 0.0)","(440, 0.0)","(37, 0.0)","(474, 0.0)","(459, 0.0)","(412, 0.0)","(388, 0.0)"
"(470, 0.0)","(448, 0.0)","(429, 0.0)","(448, 0.0)","(38, 0.0)","(477, 0.0)","(46, 0.0)","(413, 0.0)","(389, 0.0)"
"(473, 0.0)","(45, 0.0)","(43, 0.0)","(45, 0.0)","(385, 0.0)","(478, 0.0)","(462, 0.0)","(414, 0.0)","(39, 0.0)"
"(474, 0.0)","(456, 0.0)","(433, 0.0)","(456, 0.0)","(39, 0.0)","(48, 0.0)","(463, 0.0)","(415, 0.0)","(391, 0.0)"
"(476, 0.0)","(458, 0.0)","(440, 0.0)","(457, 0.0)","(390, 0.0)","(481, 0.0)","(466, 0.0)","(416, 0.0)","(393, 0.0)"
"(477, 0.0)","(459, 0.0)","(446, 0.0)","(458, 0.0)","(391, 0.0)","(482, 0.0)","(467, 0.0)","(417, 0.0)","(395, 0.0)"
"(478, 0.0)","(46, 0.0)","(448, 0.0)","(459, 0.0)","(392, 0.0)","(485, 0.0)","(468, 0.0)","(42, 0.0)","(398, 0.0)"
"(479, 0.0)","(463, 0.0)","(45, 0.0)","(463, 0.0)","(393, 0.0)","(486, 0.0)","(469, 0.0)","(420, 0.0)","(399, 0.0)"
"(48, 0.0)","(464, 0.0)","(457, 0.0)","(467, 0.0)","(394, 0.0)","(487, 0.0)","(47, 0.0)","(421, 0.0)","(402, 0.0)"
"(480, 0.0)","(465, 0.0)","(458, 0.0)","(470, 0.0)","(395, 0.0)","(488, 0.0)","(470, 0.0)","(422, 0.0)","(406, 0.0)"
"(481, 0.0)","(467, 0.0)","(459, 0.0)","(471, 0.0)","(397, 0.0)","(489, 0.0)","(471, 0.0)","(423, 0.0)","(407, 0.0)"
"(482, 0.0)","(470, 0.0)","(46, 0.0)","(473, 0.0)","(4, 0.0)","(493, 0.0)","(472, 0.0)","(424, 0.0)","(41, 0.0)"
"(485, 0.0)","(473, 0.0)","(460, 0.0)","(474, 0.0)","(40, 0.0)","(494, 0.0)","(474, 0.0)","(425, 0.0)","(410, 0.0)"
"(486, 0.0)","(474, 0.0)","(463, 0.0)","(477, 0.0)","(400, 0.0)","(496, 0.0)","(476, 0.0)","(426, 0.0)","(412, 0.0)"
"(487, 0.0)","(476, 0.0)","(465, 0.0)","(478, 0.0)","(401, 0.0)","(497, 0.0)","(479, 0.0)","(427, 0.0)","(413, 0.0)"
"(488, 0.0)","(477, 0.0)","(467, 0.0)","(48, 0.0)","(402, 0.0)","(498, 0.0)","(48, 0.0)","(428, 0.0)","(414, 0.0)"
"(489, 0.0)","(478, 0.0)","(469, 0.0)","(480, 0.0)","(406, 0.0)","(499, 0.0)","(480, 0.0)","(429, 0.0)","(415, 0.0)"
"(49, 0.0)","(479, 0.0)","(470, 0.0)","(481, 0.0)","(407, 0.0)","(5, 0.0)","(482, 0.0)","(43, 0.0)","(417, 0.0)"
"(490, 0.0)","(48, 0.0)","(471, 0.0)","(482, 0.0)","(41, 0.0)","(50, 0.0)","(489, 0.0)","(433, 0.0)","(42, 0.0)"
"(491, 0.0)","(480, 0.0)","(473, 0.0)","(485, 0.0)","(410, 0.0)","(500, 0.0)","(490, 0.0)","(448, 0.0)","(420, 0.0)"
"(492, 0.0)","(481, 0.0)","(474, 0.0)","(486, 0.0)","(413, 0.0)","(503, 0.0)","(493, 0.0)","(45, 0.0)","(422, 0.0)"
"(493, 0.0)","(485, 0.0)","(476, 0.0)","(487, 0.0)","(414, 0.0)","(504, 0.0)","(494, 0.0)","(458, 0.0)","(423, 0.0)"
"(494, 0.0)","(486, 0.0)","(479, 0.0)","(488, 0.0)","(415, 0.0)","(506, 0.0)","(495, 0.0)","(459, 0.0)","(424, 0.0)"
"(495, 0.0)","(487, 0.0)","(48, 0.0)","(489, 0.0)","(416, 0.0)","(507, 0.0)","(497, 0.0)","(46, 0.0)","(425, 0.0)"
"(496, 0.0)","(489, 0.0)","(480, 0.0)","(490, 0.0)","(417, 0.0)","(51, 0.0)","(498, 0.0)","(460, 0.0)","(426, 0.0)"
"(498, 0.0)","(49, 0.0)","(482, 0.0)","(492, 0.0)","(418, 0.0)","(517, 0.0)","(499, 0.0)","(463, 0.0)","(427, 0.0)"
"(499, 0.0)","(490, 0.0)","(489, 0.0)","(493, 0.0)","(42, 0.0)","(519, 0.0)","(5, 0.0)","(464, 0.0)","(428, 0.0)"
"(5, 0.0)","(493, 0.0)","(49, 0.0)","(494, 0.0)","(420, 0.0)","(521, 0.0)","(50, 0.0)","(465, 0.0)","(429, 0.0)"
"(500, 0.0)","(494, 0.0)","(490, 0.0)","(495, 0.0)","(422, 0.0)","(523, 0.0)","(500, 0.0)","(466, 0.0)","(43, 0.0)"
"(501, 0.0)","(495, 0.0)","(491, 0.0)","(498, 0.0)","(423, 0.0)","(528, 0.0)","(502, 0.0)","(467, 0.0)","(433, 0.0)"
"(503, 0.0)","(496, 0.0)","(492, 0.0)","(499, 0.0)","(424, 0.0)","(529, 0.0)","(503, 0.0)","(469, 0.0)","(439, 0.0)"
"(504, 0.0)","(498, 0.0)","(493, 0.0)","(5, 0.0)","(425, 0.0)","(530, 0.0)","(504, 0.0)","(471, 0.0)","(441, 0.0)"
"(506, 0.0)","(499, 0.0)","(494, 0.0)","(50, 0.0)","(426, 0.0)","(533, 0.0)","(505, 0.0)","(473, 0.0)","(448, 0.0)"
"(508, 0.0)","(5, 0.0)","(495, 0.0)","(500, 0.0)","(427, 0.0)","(534, 0.0)","(506, 0.0)","(474, 0.0)","(45, 0.0)"
"(51, 0.0)","(500, 0.0)","(498, 0.0)","(503, 0.0)","(43, 0.0)","(535, 0.0)","(507, 0.0)","(478, 0.0)","(458, 0.0)"
"(510, 0.0)","(501, 0.0)","(499, 0.0)","(504, 0.0)","(433, 0.0)","(536, 0.0)","(51, 0.0)","(48, 0.0)","(459, 0.0)"
"(517, 0.0)","(503, 0.0)","(5, 0.0)","(506, 0.0)","(440, 0.0)","(539, 0.0)","(510, 0.0)","(480, 0.0)","(46, 0.0)"
"(518, 0.0)","(506, 0.0)","(50, 0.0)","(51, 0.0)","(446, 0.0)","(54, 0.0)","(516, 0.0)","(481, 0.0)","(460, 0.0)"
"(519, 0.0)","(508, 0.0)","(500, 0.0)","(517, 0.0)","(448, 0.0)","(540, 0.0)","(517, 0.0)","(482, 0.0)","(463, 0.0)"
"(520, 0.0)","(51, 0.0)","(501, 0.0)","(519, 0.0)","(45, 0.0)","(541, 0.0)","(518, 0.0)","(485, 0.0)","(464, 0.0)"
"(521, 0.0)","(510, 0.0)","(502, 0.0)","(521, 0.0)","(458, 0.0)","(542, 0.0)","(519, 0.0)","(486, 0.0)","(465, 0.0)"
"(523, 0.0)","(517, 0.0)","(503, 0.0)","(523, 0.0)","(459, 0.0)","(543, 0.0)","(52, 0.0)","(487, 0.0)","(466, 0.0)"
"(524, 0.0)","(518, 0.0)","(504, 0.0)","(524, 0.0)","(463, 0.0)","(544, 0.0)","(521, 0.0)","(488, 0.0)","(467, 0.0)"
"(529, 0.0)","(519, 0.0)","(505, 0.0)","(529, 0.0)","(466, 0.0)","(545, 0.0)","(522, 0.0)","(49, 0.0)","(468, 0.0)"
"(53, 0.0)","(520, 0.0)","(506, 0.0)","(530, 0.0)","(467, 0.0)","(546, 0.0)","(524, 0.0)","(492, 0.0)","(469, 0.0)"
"(530, 0.0)","(521, 0.0)","(508, 0.0)","(533, 0.0)","(47, 0.0)","(548, 0.0)","(528, 0.0)","(493, 0.0)","(471, 0.0)"
"(533, 0.0)","(523, 0.0)","(51, 0.0)","(534, 0.0)","(470, 0.0)","(549, 0.0)","(529, 0.0)","(494, 0.0)","(473, 0.0)"
"(534, 0.0)","(524, 0.0)","(510, 0.0)","(535, 0.0)","(471, 0.0)","(55, 0.0)","(530, 0.0)","(495, 0.0)","(474, 0.0)"
"(535, 0.0)","(53, 0.0)","(517, 0.0)","(536, 0.0)","(473, 0.0)","(550, 0.0)","(531, 0.0)","(496, 0.0)","(476, 0.0)"
"(536, 0.0)","(530, 0.0)","(518, 0.0)","(54, 0.0)","(474, 0.0)","(551, 0.0)","(532, 0.0)","(497, 0.0)","(478, 0.0)"
"(538, 0.0)","(531, 0.0)","(519, 0.0)","(540, 0.0)","(476, 0.0)","(552, 0.0)","(533, 0.0)","(498, 0.0)","(48, 0.0)"
"(54, 0.0)","(533, 0.0)","(521, 0.0)","(542, 0.0)","(48, 0.0)","(555, 0.0)","(534, 0.0)","(5, 0.0)","(480, 0.0)"
"(540, 0.0)","(534, 0.0)","(524, 0.0)","(543, 0.0)","(482, 0.0)","(556, 0.0)","(535, 0.0)","(500, 0.0)","(481, 0.0)"
"(542, 0.0)","(535, 0.0)","(529, 0.0)","(544, 0.0)","(489, 0.0)","(559, 0.0)","(536, 0.0)","(501, 0.0)","(482, 0.0)"
"(543, 0.0)","(536, 0.0)","(530, 0.0)","(545, 0.0)","(490, 0.0)","(560, 0.0)","(537, 0.0)","(503, 0.0)","(485, 0.0)"
"(544, 0.0)","(538, 0.0)","(533, 0.0)","(546, 0.0)","(492, 0.0)","(561, 0.0)","(538, 0.0)","(504, 0.0)","(486, 0.0)"
"(545, 0.0)","(540, 0.0)","(534, 0.0)","(548, 0.0)","(493, 0.0)","(563, 0.0)","(539, 0.0)","(505, 0.0)","(487, 0.0)"
"(549, 0.0)","(542, 0.0)","(535, 0.0)","(549, 0.0)","(494, 0.0)","(564, 0.0)","(54, 0.0)","(507, 0.0)","(488, 0.0)"
"(550, 0.0)","(543, 0.0)","(536, 0.0)","(55, 0.0)","(497, 0.0)","(565, 0.0)","(542, 0.0)","(508, 0.0)","(49, 0.0)"
"(551, 0.0)","(544, 0.0)","(538, 0.0)","(550, 0.0)","(500, 0.0)","(568, 0.0)","(543, 0.0)","(509, 0.0)","(490, 0.0)"
"(552, 0.0)","(545, 0.0)","(539, 0.0)","(551, 0.0)","(503, 0.0)","(57, 0.0)","(545, 0.0)","(51, 0.0)","(492, 0.0)"
"(554, 0.0)","(549, 0.0)","(54, 0.0)","(552, 0.0)","(504, 0.0)","(571, 0.0)","(548, 0.0)","(511, 0.0)","(493, 0.0)"
"(555, 0.0)","(55, 0.0)","(542, 0.0)","(555, 0.0)","(506, 0.0)","(572, 0.0)","(549, 0.0)","(516, 0.0)","(494, 0.0)"
"(556, 0.0)","(550, 0.0)","(543, 0.0)","(558, 0.0)","(507, 0.0)","(573, 0.0)","(552, 0.0)","(519, 0.0)","(495, 0.0)"
"(558, 0.0)","(551, 0.0)","(545, 0.0)","(559, 0.0)","(51, 0.0)","(574, 0.0)","(559, 0.0)","(529, 0.0)","(496, 0.0)"
"(559, 0.0)","(552, 0.0)","(548, 0.0)","(560, 0.0)","(510, 0.0)","(575, 0.0)","(562, 0.0)","(533, 0.0)","(498, 0.0)"
"(560, 0.0)","(554, 0.0)","(549, 0.0)","(561, 0.0)","(517, 0.0)","(577, 0.0)","(564, 0.0)","(539, 0.0)","(5, 0.0)"
"(561, 0.0)","(555, 0.0)","(552, 0.0)","(562, 0.0)","(521, 0.0)","(58, 0.0)","(565, 0.0)","(54, 0.0)","(50, 0.0)"
"(562, 0.0)","(556, 0.0)","(555, 0.0)","(563, 0.0)","(524, 0.0)","(581, 0.0)","(57, 0.0)","(540, 0.0)","(500, 0.0)"
"(563, 0.0)","(558, 0.0)","(558, 0.0)","(564, 0.0)","(528, 0.0)","(582, 0.0)","(572, 0.0)","(541, 0.0)","(501, 0.0)"
"(564, 0.0)","(559, 0.0)","(559, 0.0)","(565, 0.0)","(530, 0.0)","(583, 0.0)","(573, 0.0)","(542, 0.0)","(502, 0.0)"
"(565, 0.0)","(560, 0.0)","(564, 0.0)","(57, 0.0)","(531, 0.0)","(584, 0.0)","(574, 0.0)","(545, 0.0)","(503, 0.0)"
"(569, 0.0)","(561, 0.0)","(565, 0.0)","(571, 0.0)","(533, 0.0)","(585, 0.0)","(575, 0.0)","(546, 0.0)","(504, 0.0)"
"(57, 0.0)","(562, 0.0)","(569, 0.0)","(575, 0.0)","(534, 0.0)","(586, 0.0)","(578, 0.0)","(549, 0.0)","(505, 0.0)"
"(571, 0.0)","(563, 0.0)","(57, 0.0)","(577, 0.0)","(535, 0.0)","(587, 0.0)","(58, 0.0)","(555, 0.0)","(507, 0.0)"
"(575, 0.0)","(564, 0.0)","(575, 0.0)","(581, 0.0)","(536, 0.0)","(589, 0.0)","(582, 0.0)","(558, 0.0)","(509, 0.0)"
"(576, 0.0)","(565, 0.0)","(576, 0.0)","(582, 0.0)","(538, 0.0)","(59, 0.0)","(584, 0.0)","(561, 0.0)","(51, 0.0)"
"(577, 0.0)","(569, 0.0)","(582, 0.0)","(583, 0.0)","(542, 0.0)","(590, 0.0)","(585, 0.0)","(562, 0.0)","(519, 0.0)"
"(581, 0.0)","(57, 0.0)","(584, 0.0)","(584, 0.0)","(543, 0.0)","(591, 0.0)","(586, 0.0)","(564, 0.0)","(524, 0.0)"
"(582, 0.0)","(571, 0.0)","(585, 0.0)","(585, 0.0)","(545, 0.0)","(593, 0.0)","(587, 0.0)","(569, 0.0)","(529, 0.0)"
"(583, 0.0)","(575, 0.0)","(586, 0.0)","(586, 0.0)","(549, 0.0)","(594, 0.0)","(59, 0.0)","(57, 0.0)","(533, 0.0)"
"(584, 0.0)","(577, 0.0)","(587, 0.0)","(587, 0.0)","(552, 0.0)","(596, 0.0)","(590, 0.0)","(571, 0.0)","(54, 0.0)"
"(586, 0.0)","(579, 0.0)","(588, 0.0)","(589, 0.0)","(555, 0.0)","(598, 0.0)","(591, 0.0)","(577, 0.0)","(540, 0.0)"
"(587, 0.0)","(581, 0.0)","(59, 0.0)","(59, 0.0)","(558, 0.0)","(6, 0.0)","(593, 0.0)","(579, 0.0)","(541, 0.0)"
"(588, 0.0)","(582, 0.0)","(590, 0.0)","(590, 0.0)","(559, 0.0)","(60, 0.0)","(594, 0.0)","(583, 0.0)","(542, 0.0)"
"(589, 0.0)","(583, 0.0)","(591, 0.0)","(591, 0.0)","(562, 0.0)","(600, 0.0)","(596, 0.0)","(584, 0.0)","(545, 0.0)"
"(59, 0.0)","(584, 0.0)","(592, 0.0)","(592, 0.0)","(564, 0.0)","(603, 0.0)","(598, 0.0)","(585, 0.0)","(549, 0.0)"
"(590, 0.0)","(586, 0.0)","(593, 0.0)","(593, 0.0)","(565, 0.0)","(604, 0.0)","(60, 0.0)","(586, 0.0)","(556, 0.0)"
"(591, 0.0)","(587, 0.0)","(594, 0.0)","(594, 0.0)","(57, 0.0)","(605, 0.0)","(600, 0.0)","(587, 0.0)","(558, 0.0)"
"(592, 0.0)","(588, 0.0)","(595, 0.0)","(596, 0.0)","(572, 0.0)","(606, 0.0)","(606, 0.0)","(588, 0.0)","(561, 0.0)"
"(593, 0.0)","(589, 0.0)","(596, 0.0)","(598, 0.0)","(573, 0.0)","(607, 0.0)","(608, 0.0)","(589, 0.0)","(562, 0.0)"
"(594, 0.0)","(59, 0.0)","(597, 0.0)","(599, 0.0)","(574, 0.0)","(608, 0.0)","(61, 0.0)","(59, 0.0)","(564, 0.0)"
"(595, 0.0)","(590, 0.0)","(598, 0.0)","(6, 0.0)","(575, 0.0)","(609, 0.0)","(610, 0.0)","(590, 0.0)","(569, 0.0)"
"(596, 0.0)","(591, 0.0)","(599, 0.0)","(60, 0.0)","(576, 0.0)","(61, 0.0)","(613, 0.0)","(591, 0.0)","(57, 0.0)"
"(597, 0.0)","(592, 0.0)","(60, 0.0)","(600, 0.0)","(58, 0.0)","(610, 0.0)","(614, 0.0)","(592, 0.0)","(577, 0.0)"
"(598, 0.0)","(593, 0.0)","(600, 0.0)","(601, 0.0)","(582, 0.0)","(612, 0.0)","(615, 0.0)","(593, 0.0)","(579, 0.0)"
"(599, 0.0)","(594, 0.0)","(601, 0.0)","(603, 0.0)","(584, 0.0)","(614, 0.0)","(617, 0.0)","(594, 0.0)","(581, 0.0)"
"(6, 0.0)","(595, 0.0)","(606, 0.0)","(604, 0.0)","(585, 0.0)","(615, 0.0)","(618, 0.0)","(595, 0.0)","(583, 0.0)"
"(60, 0.0)","(596, 0.0)","(608, 0.0)","(605, 0.0)","(586, 0.0)","(616, 0.0)","(621, 0.0)","(597, 0.0)","(584, 0.0)"
"(601, 0.0)","(597, 0.0)","(609, 0.0)","(606, 0.0)","(587, 0.0)","(618, 0.0)","(623, 0.0)","(598, 0.0)","(586, 0.0)"
"(603, 0.0)","(598, 0.0)","(61, 0.0)","(607, 0.0)","(59, 0.0)","(62, 0.0)","(624, 0.0)","(599, 0.0)","(587, 0.0)"
"(604, 0.0)","(599, 0.0)","(610, 0.0)","(608, 0.0)","(590, 0.0)","(621, 0.0)","(625, 0.0)","(6, 0.0)","(588, 0.0)"
"(605, 0.0)","(6, 0.0)","(613, 0.0)","(609, 0.0)","(591, 0.0)","(623, 0.0)","(626, 0.0)","(600, 0.0)","(589, 0.0)"
"(606, 0.0)","(60, 0.0)","(614, 0.0)","(61, 0.0)","(592, 0.0)","(624, 0.0)","(627, 0.0)","(603, 0.0)","(59, 0.0)"
"(608, 0.0)","(601, 0.0)","(615, 0.0)","(610, 0.0)","(593, 0.0)","(625, 0.0)","(628, 0.0)","(604, 0.0)","(590, 0.0)"
"(609, 0.0)","(603, 0.0)","(617, 0.0)","(612, 0.0)","(594, 0.0)","(626, 0.0)","(629, 0.0)","(605, 0.0)","(591, 0.0)"
"(61, 0.0)","(604, 0.0)","(618, 0.0)","(613, 0.0)","(596, 0.0)","(627, 0.0)","(63, 0.0)","(607, 0.0)","(592, 0.0)"
"(610, 0.0)","(605, 0.0)","(619, 0.0)","(614, 0.0)","(598, 0.0)","(628, 0.0)","(630, 0.0)","(608, 0.0)","(593, 0.0)"
"(612, 0.0)","(606, 0.0)","(62, 0.0)","(615, 0.0)","(60, 0.0)","(629, 0.0)","(631, 0.0)","(609, 0.0)","(594, 0.0)"
"(613, 0.0)","(607, 0.0)","(624, 0.0)","(616, 0.0)","(600, 0.0)","(63, 0.0)","(632, 0.0)","(61, 0.0)","(595, 0.0)"
"(614, 0.0)","(608, 0.0)","(625, 0.0)","(617, 0.0)","(601, 0.0)","(630, 0.0)","(633, 0.0)","(610, 0.0)","(598, 0.0)"
"(615, 0.0)","(609, 0.0)","(626, 0.0)","(618, 0.0)","(606, 0.0)","(631, 0.0)","(634, 0.0)","(612, 0.0)","(599, 0.0)"
"(616, 0.0)","(61, 0.0)","(627, 0.0)","(62, 0.0)","(607, 0.0)","(632, 0.0)","(636, 0.0)","(613, 0.0)","(6, 0.0)"
"(617, 0.0)","(612, 0.0)","(629, 0.0)","(625, 0.0)","(608, 0.0)","(633, 0.0)","(637, 0.0)","(614, 0.0)","(600, 0.0)"
"(618, 0.0)","(614, 0.0)","(63, 0.0)","(626, 0.0)","(609, 0.0)","(634, 0.0)","(64, 0.0)","(616, 0.0)","(603, 0.0)"
"(619, 0.0)","(615, 0.0)","(630, 0.0)","(627, 0.0)","(61, 0.0)","(635, 0.0)","(640, 0.0)","(617, 0.0)","(604, 0.0)"
"(62, 0.0)","(618, 0.0)","(631, 0.0)","(629, 0.0)","(610, 0.0)","(636, 0.0)","(641, 0.0)","(618, 0.0)","(609, 0.0)"
"(624, 0.0)","(619, 0.0)","(632, 0.0)","(63, 0.0)","(614, 0.0)","(637, 0.0)","(643, 0.0)","(619, 0.0)","(61, 0.0)"
"(625, 0.0)","(62, 0.0)","(633, 0.0)","(630, 0.0)","(615, 0.0)","(638, 0.0)","(644, 0.0)","(62, 0.0)","(610, 0.0)"
"(626, 0.0)","(624, 0.0)","(634, 0.0)","(631, 0.0)","(617, 0.0)","(64, 0.0)","(646, 0.0)","(621, 0.0)","(615, 0.0)"
"(627, 0.0)","(625, 0.0)","(637, 0.0)","(632, 0.0)","(618, 0.0)","(640, 0.0)","(647, 0.0)","(622, 0.0)","(618, 0.0)"
"(629, 0.0)","(626, 0.0)","(639, 0.0)","(633, 0.0)","(62, 0.0)","(641, 0.0)","(649, 0.0)","(624, 0.0)","(619, 0.0)"
"(63, 0.0)","(627, 0.0)","(64, 0.0)","(634, 0.0)","(620, 0.0)","(642, 0.0)","(650, 0.0)","(625, 0.0)","(62, 0.0)"
"(630, 0.0)","(629, 0.0)","(640, 0.0)","(635, 0.0)","(621, 0.0)","(643, 0.0)","(651, 0.0)","(626, 0.0)","(626, 0.0)"
"(631, 0.0)","(63, 0.0)","(641, 0.0)","(637, 0.0)","(623, 0.0)","(644, 0.0)","(652, 0.0)","(627, 0.0)","(627, 0.0)"
"(632, 0.0)","(630, 0.0)","(643, 0.0)","(64, 0.0)","(624, 0.0)","(645, 0.0)","(653, 0.0)","(629, 0.0)","(629, 0.0)"
"(635, 0.0)","(632, 0.0)","(644, 0.0)","(640, 0.0)","(625, 0.0)","(646, 0.0)","(655, 0.0)","(63, 0.0)","(63, 0.0)"
"(637, 0.0)","(635, 0.0)","(65, 0.0)","(641, 0.0)","(626, 0.0)","(647, 0.0)","(656, 0.0)","(630, 0.0)","(630, 0.0)"
"(639, 0.0)","(637, 0.0)","(651, 0.0)","(643, 0.0)","(627, 0.0)","(651, 0.0)","(657, 0.0)","(631, 0.0)","(631, 0.0)"
"(640, 0.0)","(639, 0.0)","(652, 0.0)","(644, 0.0)","(628, 0.0)","(652, 0.0)","(661, 0.0)","(632, 0.0)","(632, 0.0)"
"(641, 0.0)","(640, 0.0)","(653, 0.0)","(645, 0.0)","(629, 0.0)","(653, 0.0)","(662, 0.0)","(634, 0.0)","(634, 0.0)"
"(642, 0.0)","(641, 0.0)","(66, 0.0)","(648, 0.0)","(63, 0.0)","(655, 0.0)","(664, 0.0)","(639, 0.0)","(639, 0.0)"
"(643, 0.0)","(642, 0.0)","(660, 0.0)","(65, 0.0)","(630, 0.0)","(657, 0.0)","(666, 0.0)","(644, 0.0)","(64, 0.0)"
"(644, 0.0)","(643, 0.0)","(661, 0.0)","(651, 0.0)","(631, 0.0)","(661, 0.0)","(667, 0.0)","(648, 0.0)","(644, 0.0)"
"(645, 0.0)","(644, 0.0)","(662, 0.0)","(652, 0.0)","(632, 0.0)","(662, 0.0)","(668, 0.0)","(649, 0.0)","(648, 0.0)"
"(648, 0.0)","(645, 0.0)","(664, 0.0)","(653, 0.0)","(636, 0.0)","(664, 0.0)","(67, 0.0)","(65, 0.0)","(649, 0.0)"
"(65, 0.0)","(648, 0.0)","(665, 0.0)","(654, 0.0)","(637, 0.0)","(665, 0.0)","(670, 0.0)","(654, 0.0)","(65, 0.0)"
"(651, 0.0)","(65, 0.0)","(666, 0.0)","(66, 0.0)","(640, 0.0)","(666, 0.0)","(671, 0.0)","(655, 0.0)","(650, 0.0)"
"(652, 0.0)","(651, 0.0)","(667, 0.0)","(660, 0.0)","(641, 0.0)","(667, 0.0)","(672, 0.0)","(657, 0.0)","(654, 0.0)"
"(653, 0.0)","(652, 0.0)","(669, 0.0)","(661, 0.0)","(643, 0.0)","(671, 0.0)","(673, 0.0)","(66, 0.0)","(655, 0.0)"
"(654, 0.0)","(653, 0.0)","(670, 0.0)","(662, 0.0)","(644, 0.0)","(673, 0.0)","(674, 0.0)","(660, 0.0)","(656, 0.0)"
"(661, 0.0)","(654, 0.0)","(671, 0.0)","(664, 0.0)","(646, 0.0)","(674, 0.0)","(675, 0.0)","(661, 0.0)","(657, 0.0)"
"(662, 0.0)","(661, 0.0)","(673, 0.0)","(665, 0.0)","(65, 0.0)","(675, 0.0)","(676, 0.0)","(663, 0.0)","(660, 0.0)"
"(663, 0.0)","(662, 0.0)","(674, 0.0)","(666, 0.0)","(651, 0.0)","(677, 0.0)","(677, 0.0)","(665, 0.0)","(661, 0.0)"
"(664, 0.0)","(663, 0.0)","(677, 0.0)","(667, 0.0)","(652, 0.0)","(678, 0.0)","(678, 0.0)","(666, 0.0)","(663, 0.0)"
"(665, 0.0)","(664, 0.0)","(678, 0.0)","(671, 0.0)","(653, 0.0)","(679, 0.0)","(679, 0.0)","(667, 0.0)","(669, 0.0)"
"(666, 0.0)","(665, 0.0)","(679, 0.0)","(673, 0.0)","(655, 0.0)","(68, 0.0)","(68, 0.0)","(670, 0.0)","(67, 0.0)"
"(667, 0.0)","(666, 0.0)","(68, 0.0)","(674, 0.0)","(661, 0.0)","(680, 0.0)","(680, 0.0)","(675, 0.0)","(675, 0.0)"
"(671, 0.0)","(667, 0.0)","(680, 0.0)","(677, 0.0)","(662, 0.0)","(681, 0.0)","(681, 0.0)","(678, 0.0)","(678, 0.0)"
"(674, 0.0)","(671, 0.0)","(681, 0.0)","(678, 0.0)","(664, 0.0)","(69, 0.0)","(69, 0.0)","(679, 0.0)","(679, 0.0)"
"(677, 0.0)","(674, 0.0)","(7, 0.0)","(679, 0.0)","(665, 0.0)","(7, 0.0)","(7, 0.0)","(68, 0.0)","(68, 0.0)"
"(68, 0.0)","(677, 0.0)","(70, 0.0)","(68, 0.0)","(666, 0.0)","(70, 0.0)","(70, 0.0)","(680, 0.0)","(680, 0.0)"
"(680, 0.0)","(681, 0.0)","(71, 0.0)","(680, 0.0)","(667, 0.0)","(72, 0.0)","(72, 0.0)","(681, 0.0)","(681, 0.0)"
"(681, 0.0)","(7, 0.0)","(72, 0.0)","(681, 0.0)","(671, 0.0)","(73, 0.0)","(73, 0.0)","(69, 0.0)","(69, 0.0)"
"(7, 0.0)","(70, 0.0)","(74, 0.0)","(7, 0.0)","(673, 0.0)","(74, 0.0)","(74, 0.0)","(71, 0.0)","(71, 0.0)"
"(70, 0.0)","(71, 0.0)","(75, 0.0)","(70, 0.0)","(674, 0.0)","(75, 0.0)","(75, 0.0)","(72, 0.0)","(72, 0.0)"
"(71, 0.0)","(72, 0.0)","(76, 0.0)","(72, 0.0)","(677, 0.0)","(76, 0.0)","(76, 0.0)","(73, 0.0)","(73, 0.0)"
"(72, 0.0)","(74, 0.0)","(77, 0.0)","(74, 0.0)","(68, 0.0)","(77, 0.0)","(77, 0.0)","(76, 0.0)","(76, 0.0)"
"(74, 0.0)","(75, 0.0)","(78, 0.0)","(75, 0.0)","(680, 0.0)","(78, 0.0)","(78, 0.0)","(77, 0.0)","(77, 0.0)"
"(75, 0.0)","(76, 0.0)","(79, 0.0)","(76, 0.0)","(681, 0.0)","(79, 0.0)","(79, 0.0)","(79, 0.0)","(79, 0.0)"
"(76, 0.0)","(77, 0.0)","(8, 0.0)","(77, 0.0)","(7, 0.0)","(8, 0.0)","(8, 0.0)","(8, 0.0)","(8, 0.0)"
"(77, 0.0)","(78, 0.0)","(80, 0.0)","(78, 0.0)","(72, 0.0)","(81, 0.0)","(81, 0.0)","(80, 0.0)","(80, 0.0)"
"(78, 0.0)","(8, 0.0)","(83, 0.0)","(79, 0.0)","(73, 0.0)","(83, 0.0)","(83, 0.0)","(81, 0.0)","(81, 0.0)"
"(8, 0.0)","(80, 0.0)","(85, 0.0)","(8, 0.0)","(74, 0.0)","(85, 0.0)","(85, 0.0)","(83, 0.0)","(83, 0.0)"
"(80, 0.0)","(83, 0.0)","(86, 0.0)","(83, 0.0)","(78, 0.0)","(87, 0.0)","(87, 0.0)","(84, 0.0)","(84, 0.0)"
"(83, 0.0)","(85, 0.0)","(87, 0.0)","(85, 0.0)","(85, 0.0)","(88, 0.0)","(88, 0.0)","(85, 0.0)","(85, 0.0)"
"(85, 0.0)","(86, 0.0)","(89, 0.0)","(87, 0.0)","(88, 0.0)","(89, 0.0)","(89, 0.0)","(88, 0.0)","(86, 0.0)"
"(87, 0.0)","(87, 0.0)","(9, 0.0)","(89, 0.0)","(89, 0.0)","(9, 0.0)","(9, 0.0)","(9, 0.0)","(9, 0.0)"
"(89, 0.0)","(89, 0.0)","(90, 0.0)","(9, 0.0)","(9, 0.0)","(90, 0.0)","(90, 0.0)","(90, 0.0)","(90, 0.0)"
"(9, 0.0)","(9, 0.0)","(92, 0.0)","(90, 0.0)","(92, 0.0)","(92, 0.0)","(92, 0.0)","(92, 0.0)","(92, 0.0)"
"(92, 0.0)","(92, 0.0)","(93, 0.0)","(92, 0.0)","(93, 0.0)","(93, 0.0)","(93, 0.0)","(93, 0.0)","(93, 0.0)"
"(93, 0.0)","(93, 0.0)","(94, 0.0)","(93, 0.0)","(95, 0.0)","(95, 0.0)","(95, 0.0)","(94, 0.0)","(94, 0.0)"
"(95, 0.0)","(95, 0.0)","(95, 0.0)","(95, 0.0)","(96, 0.0)","(96, 0.0)","(96, 0.0)","(96, 0.0)","(96, 0.0)"
"(96, 0.0)","(96, 0.0)","(96, 0.0)","(96, 0.0)","(97, 0.0)","(97, 0.0)","(97, 0.0)","(97, 0.0)","(97, 0.0)"
